name,date,location,area
EPI_ISL_402125,2019-12-31,China,
EPI_ISL_420036,2020-03-21,Australia,Victoria
EPI_ISL_422666,2020-03-16,Netherlands,
EPI_ISL_425770,2020-03-13,Scotland,
EPI_ISL_425817,2020-03-13,Scotland,
EPI_ISL_426297,2020-03-16,USA,New York
EPI_ISL_423259,2020-03-24,United Kingdom,England
EPI_ISL_421721,2020-03-17,USA,New York
EPI_ISL_417947,2020-03-19,Democratic Republic of the Congo,Kinshasa
EPI_ISL_420114,2020-03-09,Spain,Comunitat Valenciana
EPI_ISL_419669,2020-03-16,Austria,
EPI_ISL_423803,2020-03-24,United Kingdom,England
EPI_ISL_421755,2020-03-17,Luxembourg,
EPI_ISL_418548,2020-03-06,Ireland,Dublin
EPI_ISL_420030,2020-03-21,Democratic Republic of the Congo,Kinshasa
EPI_ISL_425722,2020-03-18,Scotland,
EPI_ISL_414457,2020-03-06,Netherlands,Noord Brabant
EPI_ISL_423481,2020-03-31,United Kingdom,England
EPI_ISL_416376,2020-02-05,China,Shanghai
EPI_ISL_418516,2020-03-06,Ireland,Tipperary
EPI_ISL_422522,2020-03-22,USA,New York
EPI_ISL_425863,2020-03-19,Scotland,
EPI_ISL_420106,2020-03-06,Singapore,
EPI_ISL_425293,2020-03-19,England,
EPI_ISL_419863,2020-03-18,Australia,Victoria
EPI_ISL_420386,2020-03-23,Belgium,Watermaal-Bosvoorde
EPI_ISL_425778,2020-03-13,Scotland,
EPI_ISL_425969,2020-03-28,Scotland,
EPI_ISL_423094,2020-03-24,United Kingdom,England
EPI_ISL_420555,2020-03-03,India,
EPI_ISL_422949,2020-03-27,Netherlands,Zuid Holland
EPI_ISL_421297,2020-03-22,USA,Wisconsin
EPI_ISL_418429,2020-03-18,France,ARA
EPI_ISL_403929,2019-12-30,China,Hubei
EPI_ISL_420745,2020-03-28,United Kingdom,England
EPI_ISL_426314,2020-03-25,USA,New York
EPI_ISL_419960,2020-03-22,Australia,Victoria
EPI_ISL_416569,2020-02-15,Japan,unknown
EPI_ISL_425562,2020-03-25,England,
EPI_ISL_426514,2020-03-11,USA,Arizona
EPI_ISL_421227,2020-01-21,China,Hangzhou
EPI_ISL_422586,2020-03-30,Netherlands,
EPI_ISL_423497,2020-03-31,United Kingdom,England
EPI_ISL_421748,2020-03-17,Luxembourg,
EPI_ISL_426134,2020-03-31,USA,Washington
EPI_ISL_424478,2020-03-20,Iceland,Reykjavik
EPI_ISL_418332,2020-03-11,Canada,Ontario
EPI_ISL_421504,2020-03-14,France,Ile de France
EPI_ISL_414597,2020-03-04,USA,Washington
EPI_ISL_418249,2020-03-03,Spain,Castilla y Leon
EPI_ISL_425253,2020-03-29,England,
EPI_ISL_420028,2020-03-11,USA,Virginia
EPI_ISL_416723,2020-03-14,USA,Washington
EPI_ISL_423250,2020-03-25,United Kingdom,England
EPI_ISL_419757,2020-03-11,Australia,Victoria
EPI_ISL_417272,2020-03-06,United Kingdom,England
EPI_ISL_411956,2020-02-11,USA,Texas
EPI_ISL_416329,2020-02-01,China,Shanghai
EPI_ISL_423024,2020-03-17,USA,Washington
EPI_ISL_417856,2020-03-07,Iceland,Reykjavik
EPI_ISL_421384,2020-03-18,USA,New York
EPI_ISL_426037,2020-03-05,USA,New York
EPI_ISL_422760,2020-03-27,Netherlands,
EPI_ISL_420047,2020-03-17,France,Ile de France
EPI_ISL_416566,2020-02-15,Japan,unknown
EPI_ISL_420432,2020-03-23,Belgium,Helden
EPI_ISL_418346,2020-03-07,Canada,Ontario
EPI_ISL_421486,2020-03-22,Portugal,
EPI_ISL_416359,2020-02-06,China,Shanghai
EPI_ISL_422147,2020-03-28,United Kingdom,Wales
EPI_ISL_424249,2020-03-20,USA,
EPI_ISL_418013,2020-03-07,Portugal,
EPI_ISL_414423,2020-03-02,Netherlands,Gelderland
EPI_ISL_418965,2020-03-11,USA,Utah
EPI_ISL_418812,2020-03-12,Canada,MB
EPI_ISL_417679,2020-03-09,Iceland,Reykjavik
EPI_ISL_418974,2020-03-17,USA,New York
EPI_ISL_419393,2020-03-14,USA,Minnesota
EPI_ISL_424974,2020-03-18,Taiwan,Taoyuan
EPI_ISL_413851,2020-01-30,China,Guangdong
EPI_ISL_423012,2020-03-19,USA,Washington
EPI_ISL_415581,2020-03-01,Canada,British Columbia
EPI_ISL_424955,2020-04-01,USA,New York
EPI_ISL_419814,2020-03-17,Australia,Victoria
EPI_ISL_425450,2020-03-31,England,
EPI_ISL_419852,2020-03-17,Australia,Victoria
EPI_ISL_419824,2020-03-21,Australia,Victoria
EPI_ISL_417857,2020-03-07,Iceland,Reykjavik
EPI_ISL_423262,2020-03-25,United Kingdom,England
EPI_ISL_417759,2020-03-13,Iceland,Reykjavik
EPI_ISL_418902,2020-03-13,USA,Minnesota
EPI_ISL_417964,2020-03-13,USA,Utah
EPI_ISL_423266,2020-03-25,United Kingdom,England
EPI_ISL_416510,2020-03-06,France,Bretagne
EPI_ISL_425768,2020-03-13,Scotland,
EPI_ISL_422066,2020-03-24,United Kingdom,Wales
EPI_ISL_418707,2020-03-17,United Kingdom,England
EPI_ISL_417664,2020-03-13,Iceland,Reykjavik
EPI_ISL_426542,2020-03-20,USA,Arizona
EPI_ISL_417779,2020-03-11,Iceland,Reykjavik
EPI_ISL_423675,2020-03-20,United Kingdom,England
EPI_ISL_423258,2020-03-23,United Kingdom,England
EPI_ISL_426322,2020-03-12,USA,New York
EPI_ISL_420784,2020-03-02,USA,Arizona
EPI_ISL_422870,2020-03-09,Netherlands,Noord Brabant
EPI_ISL_423755,2020-03-23,United Kingdom,England
EPI_ISL_423732,2020-03-23,United Kingdom,England
EPI_ISL_416692,2020-03-14,USA,Washington
EPI_ISL_426024,2020-03-31,Scotland,
EPI_ISL_421803,2020-03-26,United Kingdom,England
EPI_ISL_424423,2020-03-19,Iceland,Reykjavik
EPI_ISL_421641,2020-03-19,Taiwan,Taipei
EPI_ISL_412980,2020-01-18,China,Hubei
EPI_ISL_422990,2020-03-18,USA,Washington
EPI_ISL_423621,2020-03-23,United Kingdom,England
EPI_ISL_426520,2020-03-20,USA,Arizona
EPI_ISL_424364,2020-03-17,India,
EPI_ISL_426051,2020-03-20,Czech Republic,Prague
EPI_ISL_420547,2020-03-03,India,
EPI_ISL_423739,2020-03-23,United Kingdom,England
EPI_ISL_417801,2020-03-13,Iceland,Reykjavik
EPI_ISL_421462,2020-03-20,Portugal,
EPI_ISL_420420,2020-03-24,Belgium,Forchies-la-marche
EPI_ISL_407988,2020-02-01,Singapore,
EPI_ISL_425167,2020-03-31,USA,Wisconsin
EPI_ISL_417023,2020-03-15,Belgium,Liège
EPI_ISL_426558,2020-03-25,USA,Arizona
EPI_ISL_423288,2020-03-26,United Kingdom,England
EPI_ISL_425993,2020-03-30,Scotland,
EPI_ISL_414560,2020-03-03,Netherlands,Zuid Holland
EPI_ISL_423696,2020-03-21,United Kingdom,England
EPI_ISL_412029,2020-01-30,Hong Kong,
EPI_ISL_422988,2020-03-18,USA,Washington
EPI_ISL_421309,2020-03-20,USA,Wisconsin
EPI_ISL_425251,2020-03-31,England,
EPI_ISL_424522,2020-03-21,Iceland,Reykjavik
EPI_ISL_419698,2020-03-18,USA,New York
EPI_ISL_416572,2020-02-15,Japan,unknown
EPI_ISL_419999,2020-03-23,Australia,Victoria
EPI_ISL_418192,2020-03-16,USA,New York
EPI_ISL_418858,2020-03-13,Canada,British Columbia
EPI_ISL_421888,2020-03-27,United Kingdom,England
EPI_ISL_422064,2020-03-25,United Kingdom,Wales
EPI_ISL_422727,2020-03-24,Netherlands,
EPI_ISL_426311,2020-03-08,USA,New York
EPI_ISL_417246,2020-03-03,United Kingdom,England
EPI_ISL_422944,2020-03-26,Netherlands,Zuid Holland
EPI_ISL_425232,2020-03-30,England,
EPI_ISL_413601,2020-03-02,USA,Washington
EPI_ISL_423483,2020-04-01,United Kingdom,England
EPI_ISL_422583,2020-03-30,Netherlands,
EPI_ISL_422560,2020-03-22,USA,New York
EPI_ISL_419849,2020-03-17,Australia,Victoria
EPI_ISL_416452,2020-03-10,USA,Washington
EPI_ISL_415608,2020-03-08,USA,Washington
EPI_ISL_421348,2020-03-17,USA,New York
EPI_ISL_410715,2020-02-04,Singapore,
EPI_ISL_415483,2020-03-09,Netherlands,
EPI_ISL_420000,2020-03-23,Australia,Victoria
EPI_ISL_417468,2020-03-16,Germany,Duesseldorf
EPI_ISL_424084,2020-03-11,United Kingdom,England
EPI_ISL_423228,2020-03-25,United Kingdom,England
EPI_ISL_419712,2020-03-10,USA,Virginia
EPI_ISL_422138,2020-03-24,United Kingdom,Wales
EPI_ISL_416634,2020-02-17,Japan,unknown
EPI_ISL_425487,2020-03-17,England,
EPI_ISL_425631,2020-03-29,England,
EPI_ISL_421239,2020-01-26,China,Jiangxi
EPI_ISL_422615,2020-04-01,Netherlands,
EPI_ISL_418076,2020-03-15,USA,Washington
EPI_ISL_408515,2020-01-01,China,Hubei
EPI_ISL_422915,2020-03-19,Netherlands,Zuid Holland
EPI_ISL_425163,2020-03-30,USA,Wisconsin
EPI_ISL_425978,2020-03-30,Scotland,
EPI_ISL_426127,2020-03-25,USA,Washington
EPI_ISL_423001,2020-03-19,USA,Washington
EPI_ISL_417517,2020-03-13,USA,Wisconsin
EPI_ISL_422751,2020-03-26,Netherlands,
EPI_ISL_417280,2020-03-07,United Kingdom,England
EPI_ISL_424951,2020-04-01,USA,New York
EPI_ISL_419434,2020-03-17,United Kingdom,Wales
EPI_ISL_417668,2020-03-15,Iceland,Reykjavik
EPI_ISL_416753,2020-03-06,France,ARA
EPI_ISL_423354,2020-03-29,United Kingdom,England
EPI_ISL_417740,2020-03-15,Iceland,Reykjavik
EPI_ISL_417763,2020-03-16,Iceland,Reykjavik
EPI_ISL_413748,2020-02-XX,China,
EPI_ISL_418720,2020-03-17,United Kingdom,England
EPI_ISL_418778,2020-03-13,USA,Washington
EPI_ISL_413022,2020-02-29,Switzerland,Zurich
EPI_ISL_422549,2020-03-20,USA,New York
EPI_ISL_426549,2020-03-26,USA,Arizona
EPI_ISL_421585,2020-03-18,USA,New Jersey
EPI_ISL_421411,2020-03-18,USA,New York
EPI_ISL_417591,2020-03-17,Iceland,Reykjavik
EPI_ISL_419905,2020-03-20,Australia,Victoria
EPI_ISL_418007,2020-03-13,Portugal,
EPI_ISL_419729,2020-03-20,Australia,Victoria
EPI_ISL_420722,2020-03-28,United Kingdom,England
EPI_ISL_420453,2020-03-05,Belgium,Wevelgem
EPI_ISL_419947,2020-03-21,Australia,Victoria
EPI_ISL_414635,2020-03-04,France,Hauts de France
EPI_ISL_421774,2020-03-25,United Kingdom,England
EPI_ISL_420210,2020-03-27,England,South Yorkshire
EPI_ISL_421584,2020-03-18,USA,New Jersey
EPI_ISL_419298,2020-03-10,Japan,Chiba
EPI_ISL_425759,2020-03-13,Scotland,
EPI_ISL_416491,2020-03-15,USA,Wisconsin
EPI_ISL_414625,2020-02-26,France,Pays de la Loire
EPI_ISL_420244,2020-03-26,England,South Yorkshire
EPI_ISL_417958,2020-03-10,USA,Utah
EPI_ISL_417475,2020-03-12,USA,Minnesota
EPI_ISL_414414,2020-02-29,Australia,Queensland
EPI_ISL_423639,2020-03-21,United Kingdom,England
EPI_ISL_418014,2020-03-09,Portugal,
EPI_ISL_421669,2020-03-12,India,
EPI_ISL_419704,2020-03-18,USA,New York
EPI_ISL_419958,2020-03-22,Australia,Victoria
EPI_ISL_417122,2020-03-05,USA,Washington
EPI_ISL_419785,2020-03-14,Australia,Victoria
EPI_ISL_426171,2020-02-05,South Korea,
EPI_ISL_422039,2020-03-24,United Kingdom,Wales
EPI_ISL_417538,2020-03-17,Iceland,Reykjavik
EPI_ISL_416657,2020-03-11,USA,Washington
EPI_ISL_423798,2020-03-23,United Kingdom,England
EPI_ISL_420796,2020-02-29,USA,Texas
EPI_ISL_421357,2020-03-17,USA,New York
EPI_ISL_422559,2020-03-22,USA,New York
EPI_ISL_417188,2020-02-08,Hong Kong,
EPI_ISL_419604,2020-03-15,Luxembourg,
EPI_ISL_416456,2020-03-06,USA,Washington
EPI_ISL_422920,2020-03-19,Netherlands,Zuid Holland
EPI_ISL_424414,2020-03-19,Iceland,Reykjavik
EPI_ISL_425309,2020-03-30,England,
EPI_ISL_417390,2020-03-08,Australia,New South Wales
EPI_ISL_413999,2020-02-27,Switzerland,Argovie
EPI_ISL_419222,2020-02-11,Hong Kong,
EPI_ISL_421759,2020-03-17,Luxembourg,
EPI_ISL_417201,2020-03-21,USA,Wisconsin
EPI_ISL_422516,2020-03-20,USA,New York
EPI_ISL_415485,2020-03-12,Netherlands,
EPI_ISL_424492,2020-03-21,Iceland,Reykjavik
EPI_ISL_414510,2020-02-02,China,Shanghai
EPI_ISL_423074,2020-03-24,United Kingdom,England
EPI_ISL_424890,2020-03-07,USA,Utah
EPI_ISL_425335,2020-03-28,England,
EPI_ISL_416662,2020-03-12,USA,Washington
EPI_ISL_424525,2020-03-21,Iceland,Reykjavik
EPI_ISL_419585,2020-03-14,Luxembourg,
EPI_ISL_416665,2020-03-12,USA,Washington
EPI_ISL_420746,2020-03-25,United Kingdom,England
EPI_ISL_418987,2020-03-01,Belgium,Eupen
EPI_ISL_417621,2020-03-18,Iceland,Reykjavik
EPI_ISL_418182,2020-03-12,Spain,Madrid
EPI_ISL_418824,2020-03-03,Canada,British Columbia
EPI_ISL_426299,2020-03-28,USA,New York
EPI_ISL_423113,2020-03-24,United Kingdom,England
EPI_ISL_420151,2020-03-17,Norway,
EPI_ISL_417158,2020-02-28,USA,Washington
EPI_ISL_417967,2020-03-12,Spain,Madrid
EPI_ISL_424391,2020-03-19,Iceland,Reykjavik
EPI_ISL_424863,2020-03-XX,USA,Georgia
EPI_ISL_418390,2020-03-13,Finland,
EPI_ISL_415704,2020-03-04,Switzerland,
EPI_ISL_425561,2020-03-25,England,
EPI_ISL_417466,2020-03-14,Germany,Duesseldorf
EPI_ISL_420152,2020-03-17,Norway,
EPI_ISL_420611,2020-03-23,France,ARA
EPI_ISL_416754,2020-03-06,France,ARA
EPI_ISL_422492,2020-03-19,USA,New York
EPI_ISL_422995,2020-03-17,USA,Washington
EPI_ISL_421417,2020-03-17,USA,New York
EPI_ISL_422653,2020-03-18,Netherlands,
EPI_ISL_422582,2020-03-30,Netherlands,
EPI_ISL_418341,2020-03-12,Canada,Ontario
EPI_ISL_423488,2020-03-31,United Kingdom,England
EPI_ISL_413931,2020-03-05,USA,California
EPI_ISL_417437,2020-03-17,Democratic Republic of the Congo,Kinshasa
EPI_ISL_414463,2020-03-04,Netherlands,Utrecht
EPI_ISL_416628,2020-02-17,Japan,unknown
EPI_ISL_414520,2020-03-02,Germany,Munich
EPI_ISL_423498,2020-03-31,United Kingdom,England
EPI_ISL_417289,2020-03-06,United Kingdom,England
EPI_ISL_411927,2020-01-28,Taiwan,Taipei
EPI_ISL_423134,2020-03-23,United Kingdom,England
EPI_ISL_417550,2020-03-16,Iceland,Reykjavik
EPI_ISL_417822,2020-03-16,Iceland,Reykjavik
EPI_ISL_418187,2020-03-23,USA,Wisconsin
EPI_ISL_418223,2020-03-05,France,Hauts de France
EPI_ISL_419544,2020-03-15,Germany,Duesseldorf
EPI_ISL_419682,2020-03-10,Spain,Comunitat Valenciana
EPI_ISL_421188,2020-03-30,Belgium,Liège
EPI_ISL_420734,2020-03-27,United Kingdom,England
EPI_ISL_415620,2020-03-09,USA,Washington
EPI_ISL_422623,2020-04-02,Netherlands,
EPI_ISL_420795,2020-03-01,USA,Rhode Island
EPI_ISL_417562,2020-03-17,Iceland,Reykjavik
EPI_ISL_426096,2020-03-25,USA,Washington
EPI_ISL_418216,2020-03-13,Senegal,Dakar
EPI_ISL_406594,2020-01-16,China,Guandong
EPI_ISL_416599,2020-02-16,Japan,unknown
EPI_ISL_423605,2020-03-22,United Kingdom,England
EPI_ISL_420399,2020-03-24,Belgium,Zoutleeuw
EPI_ISL_424209,2020-03-20,USA,Washington
EPI_ISL_415473,2020-03-09,Netherlands,
EPI_ISL_424557,2020-03-27,Iceland,Reykjavik
EPI_ISL_420140,2020-03-28,Georgia,Tbilisi
EPI_ISL_424282,2020-03-23,USA,Washington
EPI_ISL_423708,2020-03-23,United Kingdom,England
EPI_ISL_413697,2020-02-XX,China,
EPI_ISL_417007,2020-03-07,Spain,Galicia
EPI_ISL_422635,2020-03-31,Netherlands,Zuid Holland
EPI_ISL_417411,2020-03-17,Australia,New South Wales
EPI_ISL_425751,2020-03-19,Scotland,
EPI_ISL_414368,2020-03-05,USA,Washington
EPI_ISL_417492,2020-03-13,USA,Minnesota
EPI_ISL_413579,2020-03-03,Netherlands,Nootdorp
EPI_ISL_422115,2020-03-30,United Kingdom,Wales
EPI_ISL_425758,2020-03-11,Scotland,
EPI_ISL_416363,2020-02-08,China,Shanghai
EPI_ISL_419897,2020-03-19,Australia,Victoria
EPI_ISL_417746,2020-03-16,Iceland,Reykjavik
EPI_ISL_424308,2020-03-22,USA,Oregon
EPI_ISL_423787,2020-03-23,United Kingdom,England
EPI_ISL_423771,2020-03-24,United Kingdom,England
EPI_ISL_418702,2020-03-16,United Kingdom,England
EPI_ISL_422587,2020-03-31,Netherlands,
EPI_ISL_425985,2020-03-30,Scotland,
EPI_ISL_420587,2020-03-18,USA,New York
EPI_ISL_421399,2020-03-17,USA,New York
EPI_ISL_424400,2020-03-19,Iceland,Reykjavik
EPI_ISL_420342,2020-03-06,Belgium,Temploux
EPI_ISL_420016,2020-03-24,Australia,Victoria
EPI_ISL_422028,2020-03-27,United Kingdom,Wales
EPI_ISL_424510,2020-03-20,Iceland,Reykjavik
EPI_ISL_418903,2020-03-16,USA,Washington
EPI_ISL_423796,2020-03-23,United Kingdom,England
EPI_ISL_420564,2020-03-19,Italy,Castel di Sangro
EPI_ISL_419878,2020-03-19,Australia,Victoria
EPI_ISL_419766,2020-03-12,Australia,Victoria
EPI_ISL_417588,2020-03-17,Iceland,Reykjavik
EPI_ISL_415530,2020-03-09,Netherlands,Zuid Holland
EPI_ISL_420076,2020-03-20,Senegal,Dakar
EPI_ISL_417347,2020-03-12,USA,Washington
EPI_ISL_423662,2020-02-23,United Kingdom,England
EPI_ISL_417132,2020-03-05,USA,Washington
EPI_ISL_412870,2020-01-30,South Korea,Seoul
EPI_ISL_421809,2020-03-25,United Kingdom,England
EPI_ISL_423628,2020-03-22,United Kingdom,England
EPI_ISL_415523,2020-XX-XX,Netherlands,Noord Brabant
EPI_ISL_420389,2020-03-24,Belgium,Mons
EPI_ISL_426534,2020-03-27,USA,Arizona
EPI_ISL_415622,2020-03-09,USA,Washington
EPI_ISL_417096,2020-02-27,USA,Washington
EPI_ISL_426462,2020-03-29,USA,Virginia
EPI_ISL_421709,2020-03-18,USA,New York
EPI_ISL_421173,2020-03-08,Spain,Madrid
EPI_ISL_414454,2020-03-05,Netherlands,Noord Brabant
EPI_ISL_417732,2020-03-10,Iceland,Reykjavik
EPI_ISL_419301,2020-03-11,Japan,Saitama
EPI_ISL_425171,2020-03-30,USA,Wisconsin
EPI_ISL_420128,2020-03-12,Spain,Comunitat Valenciana
EPI_ISL_418323,2020-03-14,Canada,Ontario
EPI_ISL_424255,2020-03-16,USA,
EPI_ISL_423613,2020-03-23,United Kingdom,England
EPI_ISL_414554,2020-03-08,Netherlands,Utrecht
EPI_ISL_416472,2020-03-02,Belgium,Kessel-Lo
EPI_ISL_421465,2020-03-19,Portugal,
EPI_ISL_419675,2020-03-20,Spain,Comunitat Valenciana
EPI_ISL_425737,2020-03-18,Scotland,
EPI_ISL_417829,2020-03-16,Iceland,Reykjavik
EPI_ISL_419892,2020-03-19,Australia,Victoria
EPI_ISL_422528,2020-03-21,USA,New York
EPI_ISL_420297,2020-03-18,USA,New York
EPI_ISL_423867,2020-03-18,United Kingdom,England
EPI_ISL_424870,2020-03-06,USA,Missouri
EPI_ISL_425779,2020-03-13,Scotland,
EPI_ISL_416676,2020-03-11,USA,
EPI_ISL_420427,2020-03-24,Belgium,Boussu
EPI_ISL_420278,2020-03-21,England,South Yorkshire
EPI_ISL_423806,2020-03-23,United Kingdom,England
EPI_ISL_416602,2020-02-16,Japan,unknown
EPI_ISL_423238,2020-03-24,United Kingdom,England
EPI_ISL_417024,2020-03-15,Belgium,Liège
EPI_ISL_420855,2020-03-23,Australia,Victoria
EPI_ISL_423105,2020-03-23,United Kingdom,England
EPI_ISL_418831,2020-03-11,Canada,British Columbia
EPI_ISL_417030,2020-01-24,Australia,New South Wales
EPI_ISL_423583,2020-03-31,United Kingdom,England
EPI_ISL_416604,2020-02-16,Japan,unknown
EPI_ISL_417993,2020-03-08,Portugal,
EPI_ISL_421258,2020-02-08,China,Jiangxi
EPI_ISL_419412,2020-03-17,United Kingdom,Wales
EPI_ISL_418027,2020-03-17,Portugal,
EPI_ISL_418807,2020-03-19,Australia,Queensland
EPI_ISL_416487,2020-03-04,Spain,Comunitat Valenciana
EPI_ISL_408479,2020-01-23,China,Chongqing
EPI_ISL_420373,2020-03-23,Belgium,Couillet
EPI_ISL_422707,2020-03-22,Netherlands,
EPI_ISL_419904,2020-03-20,Australia,Victoria
EPI_ISL_420370,2020-03-19,Belgium,Namur
EPI_ISL_419587,2020-03-11,Luxembourg,
EPI_ISL_419961,2020-03-22,Australia,Victoria
EPI_ISL_416482,2020-03-13,Georgia,Tbilisi
EPI_ISL_423365,2020-03-29,United Kingdom,England
EPI_ISL_415476,2020-03-10,Netherlands,
EPI_ISL_416352,2020-01-30,China,Shanghai
EPI_ISL_417267,2020-03-05,United Kingdom,England
EPI_ISL_422640,2020-03-20,Netherlands,Gelderland
EPI_ISL_417266,2020-03-05,United Kingdom,England
EPI_ISL_417653,2020-03-18,Iceland,Reykjavik
EPI_ISL_417978,2020-03-09,Spain,Madrid
EPI_ISL_418764,2020-03-18,United Kingdom,England
EPI_ISL_419741,2020-03-08,Australia,Victoria
EPI_ISL_422664,2020-03-16,Netherlands,
EPI_ISL_426166,2020-02-04,South Korea,
EPI_ISL_416339,2020-02-03,China,Shanghai
EPI_ISL_421510,2020-03-23,France,Hauts de France
EPI_ISL_424440,2020-03-19,Iceland,Reykjavik
EPI_ISL_418016,2020-03-10,Portugal,
EPI_ISL_423832,2020-03-23,United Kingdom,England
EPI_ISL_418676,2020-03-10,United Kingdom,England
EPI_ISL_423351,2020-03-28,United Kingdom,England
EPI_ISL_418240,2020-03-16,France,Ile de France
EPI_ISL_415652,2020-03-05,France,Bourgogne-France-Comté
EPI_ISL_422579,2020-03-30,Netherlands,
EPI_ISL_418651,2020-03-22,Belgium,Liège
EPI_ISL_423595,2020-03-21,United Kingdom,England
EPI_ISL_420477,2020-03-18,United Kingdom,England
EPI_ISL_424450,2020-03-20,Iceland,Reykjavik
EPI_ISL_417589,2020-03-17,Iceland,Reykjavik
EPI_ISL_421842,2020-03-23,United Kingdom,England
EPI_ISL_406593,2020-01-13,China,Guandong
EPI_ISL_420610,2020-03-23,France,ARA
EPI_ISL_414449,2020-03-03,Netherlands,Noord Brabant
EPI_ISL_424652,2020-04-05,Belgium,Liège
EPI_ISL_418430,2020-03-18,France,ARA
EPI_ISL_423648,2020-03-23,United Kingdom,England
EPI_ISL_424445,2020-03-19,Iceland,Reykjavik
EPI_ISL_420767,2020-03-30,United Kingdom,England
EPI_ISL_424516,2020-03-20,Iceland,Reykjavik
EPI_ISL_420729,2020-03-28,United Kingdom,England
EPI_ISL_425902,2020-03-23,Scotland,
EPI_ISL_424630,2020-04-03,Belgium,Liège
EPI_ISL_417862,2020-03-09,Iceland,Reykjavik
EPI_ISL_414424,2020-03-03,Netherlands,Limburg
EPI_ISL_419603,2020-03-16,Luxembourg,
EPI_ISL_413021,2020-02-29,Switzerland,Zurich
EPI_ISL_423935,2020-03-18,United Kingdom,England
EPI_ISL_421663,2020-03-10,India,
EPI_ISL_423420,2020-03-29,United Kingdom,England
EPI_ISL_413711,2020-02-XX,China,
EPI_ISL_420994,2020-03-23,United Kingdom,Wales
EPI_ISL_417387,2020-03-06,Australia,New South Wales
EPI_ISL_423438,2020-03-30,United Kingdom,England
EPI_ISL_422939,2020-03-24,Netherlands,Zuid Holland
EPI_ISL_421461,2020-03-20,Portugal,
EPI_ISL_414631,2020-03-04,France,Grand-Est
EPI_ISL_423815,2020-03-23,United Kingdom,England
EPI_ISL_417634,2020-03-18,Iceland,Reykjavik
EPI_ISL_417064,2020-01-21,Hong Kong,
EPI_ISL_416384,2020-02-04,China,Shanghai
EPI_ISL_419170,2020-03-21,France,ARA
EPI_ISL_424605,2020-03-27,Iceland,Reykjavik
EPI_ISL_418692,2020-03-17,United Kingdom,England
EPI_ISL_419939,2020-03-21,Australia,Victoria
EPI_ISL_416505,2020-03-02,France,Bretagne
EPI_ISL_420130,2020-03-18,Spain,Comunitat Valenciana
EPI_ISL_425126,2020-03-18,Germany,Duesseldorf
EPI_ISL_425548,2020-03-22,England,
EPI_ISL_419917,2020-03-20,Australia,Victoria
EPI_ISL_423667,2020-03-20,United Kingdom,England
EPI_ISL_418673,2020-03-16,United Kingdom,England
EPI_ISL_418664,2020-03-22,Belgium,Liège
EPI_ISL_425820,2020-03-11,Scotland,
EPI_ISL_420625,2020-03-24,France,ARA
EPI_ISL_417625,2020-03-18,Iceland,Reykjavik
EPI_ISL_418583,2020-03-10,Ireland,Dublin
EPI_ISL_421177,2020-03-27,Spain,Madrid
EPI_ISL_420876,2020-03-24,Australia,Victoria
EPI_ISL_416042,2020-01-26,China,Hangzhou
EPI_ISL_418686,2020-03-17,United Kingdom,England
EPI_ISL_425688,2020-03-17,Scotland,
EPI_ISL_418419,2020-03-16,France,ARA
EPI_ISL_420406,2020-03-24,Belgium,Confontaine
EPI_ISL_417819,2020-03-15,Iceland,Reykjavik
EPI_ISL_419990,2020-03-23,Australia,Victoria
EPI_ISL_422167,2020-03-27,United Kingdom,Wales
EPI_ISL_424531,2020-03-20,Iceland,Reykjavik
EPI_ISL_423704,2020-03-23,United Kingdom,England
EPI_ISL_423804,2020-03-24,United Kingdom,England
EPI_ISL_418422,2020-03-17,France,ARA
EPI_ISL_423241,2020-03-24,United Kingdom,England
EPI_ISL_425948,2020-03-26,Scotland,
EPI_ISL_421877,2020-03-27,United Kingdom,England
EPI_ISL_415630,2020-03-09,United Kingdom,Scotland
EPI_ISL_420221,2020-03-29,England,South Yorkshire
EPI_ISL_424575,2020-03-28,Iceland,Reykjavik
EPI_ISL_423928,2020-03-19,United Kingdom,England
EPI_ISL_417622,2020-03-18,Iceland,Reykjavik
EPI_ISL_423170,2020-03-24,United Kingdom,England
EPI_ISL_420064,2020-03-23,France,Ile de France
EPI_ISL_424567,2020-03-28,Iceland,Reykjavik
EPI_ISL_423829,2020-03-23,United Kingdom,England
EPI_ISL_420188,2020-03-27,England,South Yorkshire
EPI_ISL_423761,2020-03-23,United Kingdom,England
EPI_ISL_413854,2020-01-30,China,Guangdong
EPI_ISL_423591,2020-04-02,United Kingdom,England
EPI_ISL_418817,2020-03-13,Canada,British Columbia
EPI_ISL_426013,2020-04-01,Scotland,
EPI_ISL_417796,2020-03-13,Iceland,Reykjavik
EPI_ISL_422009,2020-04-02,United Kingdom,England
EPI_ISL_420322,2020-03-05,Belgium,Elsene
EPI_ISL_414641,2020-03-05,Finland,
EPI_ISL_420259,2020-03-24,England,South Yorkshire
EPI_ISL_418349,2020-03-07,Canada,Ontario
EPI_ISL_420728,2020-03-28,United Kingdom,England
EPI_ISL_423358,2020-03-28,United Kingdom,England
EPI_ISL_425849,2020-03-14,Scotland,
EPI_ISL_416595,2020-02-16,Japan,unknown
EPI_ISL_426180,2020-02-05,South Korea,
EPI_ISL_416597,2020-02-16,Japan,unknown
EPI_ISL_418822,2020-03-10,Canada,British Columbia
EPI_ISL_422642,2020-03-09,Netherlands,Gelderland
EPI_ISL_415588,2020-03-05,Canada,British Columbia
EPI_ISL_417815,2020-03-16,Iceland,Reykjavik
EPI_ISL_425830,2020-03-12,Scotland,
EPI_ISL_421460,2020-03-20,Portugal,
EPI_ISL_419578,2020-03-08,Luxembourg,
EPI_ISL_420013,2020-03-24,Australia,Victoria
EPI_ISL_417712,2020-03-15,Iceland,Reykjavik
EPI_ISL_422847,2020-03-16,Netherlands,
EPI_ISL_419752,2020-03-10,Australia,Victoria
EPI_ISL_416743,2020-03-XX,Czech Republic,Prague
EPI_ISL_425918,2020-03-24,Scotland,
EPI_ISL_417743,2020-03-16,Iceland,Reykjavik
EPI_ISL_413602,2020-03-03,Finland,Helsinki
EPI_ISL_418219,2020-02-26,France,Bretagne
EPI_ISL_419948,2020-03-21,Australia,Victoria
EPI_ISL_421741,2020-03-17,Luxembourg,
EPI_ISL_417564,2020-03-17,Iceland,Reykjavik
EPI_ISL_418246,2020-03-01,Spain,Castilla-La Mancha
EPI_ISL_419954,2020-03-21,Australia,Victoria
EPI_ISL_425525,2020-03-21,England,
EPI_ISL_422951,2020-03-27,Netherlands,Zuid Holland
EPI_ISL_417979,2020-03-03,Spain,Madrid
EPI_ISL_420218,2020-03-27,England,South Yorkshire
EPI_ISL_417818,2020-03-16,Iceland,Reykjavik
EPI_ISL_424401,2020-03-19,Iceland,Reykjavik
EPI_ISL_416730,2020-03-03,England,South Yorkshire
EPI_ISL_408430,2020-01-29,France,Ile-de-France
EPI_ISL_417792,2020-03-13,Iceland,Reykjavik
EPI_ISL_421463,2020-03-20,Portugal,
EPI_ISL_425452,2020-03-31,England,
EPI_ISL_420430,2020-03-24,Belgium,Cuesmes
EPI_ISL_403932,2020-01-14,China,Guandong
EPI_ISL_425138,2020-03-19,Germany,Duesseldorf
EPI_ISL_417830,2020-03-16,Iceland,Reykjavik
EPI_ISL_416412,2020-03-02,Australia,Victoria
EPI_ISL_425181,2020-03-10,Spain,Comunitat Valenciana
EPI_ISL_411957,2020-01-08,China,
EPI_ISL_417654,2020-03-18,Iceland,Reykjavik
EPI_ISL_419903,2020-03-20,Australia,Victoria
EPI_ISL_416624,2020-02-17,Japan,unknown
EPI_ISL_416748,2020-03-04,France,ARA
EPI_ISL_418834,2020-03-11,Canada,British Columbia
EPI_ISL_422736,2020-03-24,Netherlands,
EPI_ISL_425611,2020-03-29,England,
EPI_ISL_421744,2020-03-17,Luxembourg,
EPI_ISL_418809,2020-02-01,Japan,Tokyo
EPI_ISL_424480,2020-03-20,Iceland,Reykjavik
EPI_ISL_421470,2020-03-21,Portugal,
EPI_ISL_417528,2020-03-18,Luxembourg,
EPI_ISL_418366,2020-03-05,Canada,Ontario
EPI_ISL_417771,2020-03-12,Iceland,Reykjavik
EPI_ISL_418354,2020-03-15,Canada,Ontario
EPI_ISL_420605,2020-03-22,France,ARA
EPI_ISL_418857,2020-03-13,Canada,British Columbia
EPI_ISL_425242,2020-03-31,England,
EPI_ISL_417764,2020-03-16,Iceland,Reykjavik
EPI_ISL_424537,2020-03-XX,Iceland,Reykjavik
EPI_ISL_425277,2020-03-30,England,
EPI_ISL_421737,2020-03-17,Luxembourg,
EPI_ISL_421448,2020-03-18,Portugal,
EPI_ISL_422799,2020-03-13,Netherlands,
EPI_ISL_413599,2020-03-04,Australia,NSW
EPI_ISL_425132,2020-03-23,Germany,Duesseldorf
EPI_ISL_422722,2020-03-23,Netherlands,
EPI_ISL_420532,2020-03-13,Australia,Western Australia
EPI_ISL_420254,2020-03-25,England,South Yorkshire
EPI_ISL_419531,2020-03-11,Germany,Duesseldorf
EPI_ISL_414425,2020-03-03,Netherlands,Limburg
EPI_ISL_425921,2020-03-23,Scotland,
EPI_ISL_420189,2020-03-27,England,South Yorkshire
EPI_ISL_424429,2020-03-19,Iceland,Reykjavik
EPI_ISL_417864,2020-03-15,Iceland,Reykjavik
EPI_ISL_419975,2020-03-22,Australia,Victoria
EPI_ISL_419592,2020-03-15,Luxembourg,
EPI_ISL_420616,2020-03-23,France,ARA
EPI_ISL_418218,2020-02-21,France,Hauts de France
EPI_ISL_419748,2020-03-10,Australia,Victoria
EPI_ISL_419798,2020-03-15,Australia,Victoria
EPI_ISL_416317,2020-01-25,China,Shanghai
EPI_ISL_425263,2020-04-01,England,
EPI_ISL_414456,2020-03-04,Netherlands,Noord Brabant
EPI_ISL_419551,2020-03-16,Germany,Duesseldorf
EPI_ISL_425131,2020-03-20,Germany,Duesseldorf
EPI_ISL_418224,2020-03-08,France,Hauts de France
EPI_ISL_424462,2020-03-20,Iceland,Reykjavik
EPI_ISL_417645,2020-03-18,Iceland,Reykjavik
EPI_ISL_425233,2020-03-30,England,
EPI_ISL_420372,2020-03-23,Belgium,Vorst
EPI_ISL_425481,2020-03-16,England,
EPI_ISL_422611,2020-04-01,Netherlands,
EPI_ISL_420452,2020-03-09,Belgium,Watermaal-Bosvoorde
EPI_ISL_419911,2020-03-20,Australia,Victoria
EPI_ISL_418233,2020-03-15,France,Ile de France
EPI_ISL_413600,2020-03-03,Australia,NSW
EPI_ISL_420276,2020-03-21,England,South Yorkshire
EPI_ISL_421496,2020-03-24,Portugal,
EPI_ISL_417809,2020-03-15,Iceland,Reykjavik
EPI_ISL_422433,2020-03-31,Singapore,
EPI_ISL_425633,2020-03-29,England,
EPI_ISL_417772,2020-03-14,Iceland,Reykjavik
EPI_ISL_420410,2020-03-25,Belgium,Huldenberg
EPI_ISL_420074,2020-03-20,Senegal,St-Louis
EPI_ISL_425870,2020-03-20,Scotland,
EPI_ISL_425218,2020-03-17,Spain,Comunitat Valenciana
EPI_ISL_418270,2020-03-04,Belgium,Antwerp
EPI_ISL_418001,2020-03-10,Portugal,
EPI_ISL_418364,2020-03-13,Canada,Ontario
EPI_ISL_417833,2020-03-16,Iceland,Reykjavik
EPI_ISL_421240,2020-02-05,China,Jiangxi
EPI_ISL_425815,2020-03-12,Scotland,
EPI_ISL_424411,2020-03-19,Iceland,Reykjavik
EPI_ISL_413214,2020-02-29,Australia,New South Wales
EPI_ISL_421200,2020-03-31,Belgium,Liège
EPI_ISL_425210,2020-03-25,Spain,Comunitat Valenciana
EPI_ISL_413694,2020-01-XX,China,
EPI_ISL_422695,2020-03-21,Netherlands,
EPI_ISL_418628,2020-03-16,Belgium,Liège
EPI_ISL_422816,2020-03-15,Netherlands,
EPI_ISL_419736,2020-03-07,Australia,Victoria
EPI_ISL_419843,2020-03-17,Australia,Victoria
EPI_ISL_420319,2020-03-04,Belgium,Montigny-le-Tilleul
EPI_ISL_420537,2020-03-13,Australia,Western Australia
EPI_ISL_418509,2020-01-23,China,Zhejiang
EPI_ISL_417031,2020-03-11,Australia,Queensland
EPI_ISL_415470,2020-03-10,Netherlands,
EPI_ISL_417532,2020-03-18,Luxembourg,
EPI_ISL_425704,2020-03-17,Scotland,
EPI_ISL_418206,2020-02-28,Senegal,Dakar
EPI_ISL_425663,2020-03-10,Scotland,
EPI_ISL_414566,2020-03-06,Netherlands,Zuid Holland
EPI_ISL_420404,2020-03-25,Belgium,Quaregnon
EPI_ISL_419836,2020-03-15,Australia,Victoria
EPI_ISL_420397,2020-03-23,Belgium,Ukkel
EPI_ISL_420055,2020-03-17,France,Grand-Est
EPI_ISL_419299,2020-03-09,Japan,Ishikawa
EPI_ISL_420241,2020-03-26,England,South Yorkshire
EPI_ISL_420441,2020-03-06,Belgium,Sint-Genesius-Rode
EPI_ISL_419811,2020-03-16,Australia,Victoria
EPI_ISL_424355,2020-01-24,China,Beijing
EPI_ISL_414470,2020-03-06,Netherlands,Zuid Holland
EPI_ISL_425861,2020-03-18,Scotland,
EPI_ISL_421487,2020-03-22,Portugal,
EPI_ISL_425880,2020-03-21,Scotland,
EPI_ISL_420363,2020-03-20,Belgium,Watermaal-Bosvoorde
EPI_ISL_421745,2020-03-17,Luxembourg,
EPI_ISL_419568,2020-03-14,Luxembourg,
EPI_ISL_425881,2020-03-21,Scotland,
EPI_ISL_419749,2020-03-10,Australia,Victoria
EPI_ISL_425536,2020-03-21,England,
EPI_ISL_420318,2020-03-07,Belgium,Arbre
EPI_ISL_418842,2020-03-11,Canada,British Columbia
EPI_ISL_415468,2020-03-10,Netherlands,
EPI_ISL_417595,2020-03-17,Iceland,Reykjavik
EPI_ISL_416739,2020-03-09,England,South Yorkshire
EPI_ISL_417386,2020-03-04,Australia,New South Wales
EPI_ISL_417998,2020-03-08,Portugal,
EPI_ISL_420424,2020-03-24,Belgium,Mons
EPI_ISL_420369,2020-03-19,Belgium,La Louviere
EPI_ISL_420217,2020-03-27,England,South Yorkshire
EPI_ISL_402120,2020-01-01,China,Hubei
EPI_ISL_425754,2020-03-20,Scotland,
EPI_ISL_424626,2020-03-15,Mexico,Mexico City
EPI_ISL_422576,2020-03-30,Netherlands,
EPI_ISL_422883,2020-XX-XX,Netherlands,Noord Brabant
EPI_ISL_425439,2020-XX-XX,England,
EPI_ISL_418442,2020-01-21,China,Hangzhou
EPI_ISL_424508,2020-03-20,Iceland,Reykjavik
EPI_ISL_422595,2020-03-31,Netherlands,
EPI_ISL_422752,2020-03-26,Netherlands,
EPI_ISL_420315,2020-03-06,Belgium,Yernee-fraineux
EPI_ISL_419594,2020-03-16,Luxembourg,
EPI_ISL_422603,2020-04-01,Netherlands,
EPI_ISL_419300,2020-03-20,Japan,Ishikawa
EPI_ISL_422619,2020-04-02,Netherlands,
EPI_ISL_419590,2020-03-11,Luxembourg,
EPI_ISL_424448,2020-03-20,Iceland,Reykjavik
EPI_ISL_425440,2020-XX-XX,England,
EPI_ISL_414430,2020-03-05,Netherlands,Noord Brabant
EPI_ISL_419187,2020-03-22,France,ARA
EPI_ISL_417526,2020-03-18,Luxembourg,
EPI_ISL_425872,2020-03-20,Scotland,
EPI_ISL_425427,2020-03-31,England,
EPI_ISL_416575,2020-02-15,Japan,unknown
EPI_ISL_419979,2020-03-22,Australia,Victoria
EPI_ISL_420043,2020-03-18,France,Ile de France
EPI_ISL_420534,2020-03-04,Australia,Western Australia
EPI_ISL_416377,2020-02-07,China,Shanghai
EPI_ISL_421192,2020-03-30,Belgium,Liège
EPI_ISL_425532,2020-03-21,England,
EPI_ISL_425812,2020-03-09,Scotland,
EPI_ISL_420901,2020-03-12,Germany,Munich
EPI_ISL_420391,2020-03-24,Belgium,Quaregnon
EPI_ISL_422940,2020-03-24,Netherlands,Zuid Holland
EPI_ISL_417597,2020-03-17,Iceland,Reykjavik
EPI_ISL_420001,2020-03-23,Australia,Victoria
EPI_ISL_419809,2020-03-15,Australia,Victoria
EPI_ISL_417860,2020-03-08,Iceland,Reykjavik
EPI_ISL_425848,2020-03-12,Scotland,
EPI_ISL_425656,2020-03-14,Scotland,
EPI_ISL_414628,2020-03-02,France,Hauts de France
EPI_ISL_425937,2020-03-25,Scotland,
EPI_ISL_413587,2020-03-03,Netherlands,Tilburg
EPI_ISL_419875,2020-03-18,Australia,Victoria
EPI_ISL_419742,2020-03-09,Australia,Victoria
EPI_ISL_419839,2020-03-16,Australia,Victoria
EPI_ISL_425819,2020-03-05,Scotland,
EPI_ISL_425570,2020-03-23,England,
EPI_ISL_414436,2020-03-03,Netherlands,Utrecht
EPI_ISL_422608,2020-04-01,Netherlands,
EPI_ISL_424359,2020-01-27,China,Beijing
EPI_ISL_422721,2020-03-23,Netherlands,
EPI_ISL_416397,2020-02-02,China,Shanghai
EPI_ISL_419882,2020-03-19,Australia,Victoria
EPI_ISL_425373,2020-03-19,England,
EPI_ISL_418991,2020-02-04,China,Hangzhou
EPI_ISL_421446,2020-03-18,Portugal,
EPI_ISL_417611,2020-03-17,Iceland,Reykjavik
EPI_ISL_425763,2020-03-12,Scotland,
EPI_ISL_420321,2020-03-06,Belgium,Rixensart
EPI_ISL_421202,2020-03-30,Belgium,Liège
EPI_ISL_419978,2020-03-22,Australia,Victoria
EPI_ISL_415514,2020-03-11,Netherlands,Noord Brabant
EPI_ISL_425950,2020-03-26,Scotland,
EPI_ISL_420224,2020-03-26,England,South Yorkshire
EPI_ISL_418337,2020-03-12,Canada,Ontario
EPI_ISL_418851,2020-03-13,Canada,British Columbia
EPI_ISL_420213,2020-03-29,England,South Yorkshire
EPI_ISL_421451,2020-03-18,Portugal,
EPI_ISL_418655,2020-03-22,Belgium,Liège
EPI_ISL_425635,2020-03-30,England,
EPI_ISL_424406,2020-03-19,Iceland,Reykjavik
EPI_ISL_421478,2020-03-21,Portugal,
EPI_ISL_416571,2020-02-15,Japan,unknown
EPI_ISL_415458,2020-03-01,Switzerland,
EPI_ISL_418213,2020-03-12,Senegal,Touba
EPI_ISL_425964,2020-03-27,Scotland,
EPI_ISL_425359,2020-03-17,England,
EPI_ISL_420012,2020-03-24,Australia,Victoria
EPI_ISL_424407,2020-03-19,Iceland,Reykjavik
EPI_ISL_425311,2020-03-27,England,
EPI_ISL_419908,2020-03-20,Australia,Victoria
EPI_ISL_412968,2020-02-10,Japan,
EPI_ISL_414471,2020-03-05,Netherlands,Zuid Holland
EPI_ISL_421497,2020-03-24,Portugal,
EPI_ISL_416511,2020-03-07,France,Bretagne
EPI_ISL_424460,2020-03-20,Iceland,Reykjavik
EPI_ISL_419818,2020-03-17,Australia,Victoria
EPI_ISL_425551,2020-03-22,England,
EPI_ISL_426415,2020-04-05,India,Gujarat
EPI_ISL_419658,2020-03-06,Austria,
EPI_ISL_425326,2020-03-29,England,
EPI_ISL_416606,2020-02-16,Japan,unknown
EPI_ISL_424467,2020-03-20,Iceland,Reykjavik
EPI_ISL_421210,2020-03-31,Belgium,Liège
EPI_ISL_420340,2020-03-06,Belgium,Henri-chapelle
EPI_ISL_425259,2020-XX-XX,England,
EPI_ISL_416752,2020-03-04,France,ARA
EPI_ISL_418317,2020-03-23,England,South Yorkshire
EPI_ISL_422884,2020-XX-XX,Netherlands,Noord Brabant
EPI_ISL_414017,2020-03-04,Brazil,Sao Paulo
EPI_ISL_425785,2020-03-12,Scotland,
EPI_ISL_419813,2020-03-16,Australia,Victoria
EPI_ISL_418370,2020-03-11,Canada,Ontario
EPI_ISL_422821,2020-03-09,Netherlands,
EPI_ISL_422594,2020-03-31,Netherlands,
EPI_ISL_422795,2020-03-30,Netherlands,
EPI_ISL_420447,2020-03-04,Belgium,Dendermonde
EPI_ISL_418630,2020-03-17,Belgium,Liège
EPI_ISL_420083,2020-03-18,Taiwan,
EPI_ISL_424627,2020-03-16,Mexico,Mexico City
EPI_ISL_422810,2020-03-09,Netherlands,
EPI_ISL_417680,2020-03-15,Iceland,Reykjavik
EPI_ISL_419606,2020-03-11,Luxembourg,
EPI_ISL_422606,2020-04-01,Netherlands,
EPI_ISL_419829,2020-03-22,Australia,Victoria
EPI_ISL_417608,2020-03-17,Iceland,Reykjavik
EPI_ISL_422569,2020-03-27,Netherlands,Friesland
EPI_ISL_421205,2020-03-31,Belgium,Liège
EPI_ISL_425231,2020-03-30,England,
EPI_ISL_414439,2020-03-02,Netherlands,Utrecht
EPI_ISL_422609,2020-04-01,Netherlands,
EPI_ISL_420344,2020-03-05,Belgium,Havelange
EPI_ISL_419237,2020-03-07,Spain,Madrid
EPI_ISL_425762,2020-03-13,Scotland,
EPI_ISL_417425,2020-03-06,Belgium,Schoten
EPI_ISL_424572,2020-03-26,Iceland,Reykjavik
EPI_ISL_412974,2020-01-29,Italy,Rome
EPI_ISL_413692,2020-01-XX,China,
EPI_ISL_416584,2020-02-15,Japan,unknown
EPI_ISL_417391,2020-03-08,Australia,New South Wales
EPI_ISL_421203,2020-03-30,Belgium,Liège
EPI_ISL_425776,2020-03-13,Scotland,
EPI_ISL_417670,2020-03-15,Iceland,Reykjavik
EPI_ISL_419997,2020-03-23,Australia,Victoria
EPI_ISL_417395,2020-03-10,Australia,New South Wales
EPI_ISL_415460,2020-03-09,Netherlands,Flevoland
EPI_ISL_424616,2020-03-28,Iceland,Reykjavik
EPI_ISL_418988,2020-03-04,Belgium,Zolder
EPI_ISL_415105,2020-03-04,Brazil,Bahia
EPI_ISL_425261,2020-XX-XX,England,
EPI_ISL_416997,2020-03-05,Belgium,Liège
EPI_ISL_415654,2020-03-09,France,Hauts de France
EPI_ISL_419924,2020-03-21,Australia,Victoria
EPI_ISL_419228,2020-02-17,Hong Kong,
EPI_ISL_421186,2020-03-30,Belgium,Liège
EPI_ISL_420199,2020-03-28,England,South Yorkshire
EPI_ISL_421456,2020-03-19,Portugal,
EPI_ISL_417033,2020-03-11,Australia,Queensland
EPI_ISL_422856,2020-03-18,Netherlands,
EPI_ISL_416747,2020-03-04,France,ARA
EPI_ISL_425987,2020-03-30,Scotland,
EPI_ISL_418986,2020-03-02,Belgium,Hoegaarden
EPI_ISL_417798,2020-03-13,Iceland,Reykjavik
EPI_ISL_425186,2020-03-10,Spain,Comunitat Valenciana
EPI_ISL_424437,2020-03-19,Iceland,Reykjavik
EPI_ISL_422735,2020-03-25,Netherlands,
EPI_ISL_414642,2020-03-08,Finland,
EPI_ISL_418378,2020-03-13,Canada,Ontario
EPI_ISL_419234,2020-03-03,Spain,LaRioja
EPI_ISL_419940,2020-03-21,Australia,Victoria
EPI_ISL_422861,2020-03-21,Netherlands,Noord Brabant
EPI_ISL_418989,2020-03-04,Belgium,Vorst
EPI_ISL_416626,2020-02-17,Japan,unknown
EPI_ISL_420622,2020-03-24,France,ARA
EPI_ISL_417655,2020-03-14,Iceland,Reykjavik
EPI_ISL_420423,2020-03-25,Belgium,Soignies
EPI_ISL_425942,2020-03-26,Scotland,
EPI_ISL_422867,2020-03-11,Netherlands,Noord Brabant
EPI_ISL_424483,2020-03-20,Iceland,Reykjavik
EPI_ISL_420567,2020-03-21,Italy,Abruzzo
EPI_ISL_419214,2020-02-10,Hong Kong,
EPI_ISL_425893,2020-03-22,Scotland,
EPI_ISL_424434,2020-03-19,Iceland,Reykjavik
EPI_ISL_417876,2020-03-10,Iceland,Reykjavik
EPI_ISL_420282,2020-03-21,England,South Yorkshire
EPI_ISL_422748,2020-03-25,Netherlands,
EPI_ISL_425489,2020-03-18,England,
EPI_ISL_414428,2020-03-02,Netherlands,Noord Brabant
EPI_ISL_425823,2020-03-14,Scotland,
EPI_ISL_419922,2020-03-20,Australia,Victoria
EPI_ISL_425238,2020-03-30,England,
EPI_ISL_417810,2020-03-13,Iceland,Reykjavik
EPI_ISL_417404,2020-03-12,Australia,New South Wales
EPI_ISL_414638,2020-03-04,France,Hauts de France
EPI_ISL_422628,2020-03-31,Netherlands,Zuid Holland
EPI_ISL_418235,2020-03-16,France,Ile de France
EPI_ISL_416751,2020-03-05,France,ARA
EPI_ISL_425527,2020-03-19,England,
EPI_ISL_417678,2020-03-16,Iceland,Reykjavik
EPI_ISL_425684,2020-03-16,Scotland,
EPI_ISL_422954,2020-03-27,Netherlands,Zuid Holland
EPI_ISL_424574,2020-03-27,Iceland,Reykjavik
EPI_ISL_413997,2020-02-26,Switzerland,Geneva
EPI_ISL_418226,2020-03-09,France,Hauts de France
EPI_ISL_417385,2020-03-06,Australia,New South Wales
EPI_ISL_425331,2020-03-29,England,
EPI_ISL_419987,2020-03-23,Australia,Victoria
EPI_ISL_417009,2020-03-07,Belgium,Liège
EPI_ISL_417582,2020-03-17,Iceland,Reykjavik
EPI_ISL_416340,2020-02-02,China,Shanghai
EPI_ISL_416600,2020-02-16,Japan,unknown
EPI_ISL_425475,2020-03-14,England,
EPI_ISL_420327,2020-03-07,Belgium,Zonhoven
EPI_ISL_418010,2020-03-03,Portugal,
EPI_ISL_425952,2020-03-27,Scotland,
EPI_ISL_424590,2020-03-28,Iceland,Reykjavik
EPI_ISL_416756,2020-03-06,France,ARA
EPI_ISL_417187,2020-02-08,Hong Kong,
EPI_ISL_425682,2020-03-16,Scotland,
EPI_ISL_415155,2020-03-01,Belgium,Huldenberg
EPI_ISL_417997,2020-03-07,Portugal,
EPI_ISL_406716,2020-01-02,China,Hubei
EPI_ISL_425494,2020-03-18,England,
EPI_ISL_421506,2020-03-21,France,Ile de France
EPI_ISL_417388,2020-03-05,Australia,New South Wales
EPI_ISL_425283,2020-03-20,England,
EPI_ISL_419909,2020-03-20,Australia,Victoria
EPI_ISL_420111,2020-03-12,Singapore,
EPI_ISL_420197,2020-03-28,England,South Yorkshire
EPI_ISL_417034,2020-03-16,Brazil,Amazonas State
EPI_ISL_424499,2020-03-20,Iceland,Reykjavik
EPI_ISL_425262,2020-03-31,England,
EPI_ISL_419784,2020-03-12,Australia,Victoria
EPI_ISL_417536,2020-03-16,Iceland,Reykjavik
EPI_ISL_424556,2020-03-29,Iceland,Reykjavik
EPI_ISL_421508,2020-03-23,France,Ile de France
EPI_ISL_421651,2020-03-22,Taiwan,Taipei
EPI_ISL_421204,2020-03-31,Belgium,Liège
EPI_ISL_418424,2020-03-17,France,ARA
EPI_ISL_421754,2020-03-17,Luxembourg,
EPI_ISL_413647,2020-03-01,Portugal,
EPI_ISL_419714,2020-03-18,Australia,Victoria
EPI_ISL_420162,2020-03-26,England,South Yorkshire
EPI_ISL_419303,2020-03-12,Japan,Saitama
EPI_ISL_425433,2020-03-30,England,
EPI_ISL_422817,2020-03-15,Netherlands,
EPI_ISL_425799,2020-03-09,Scotland,
EPI_ISL_419896,2020-03-19,Australia,Victoria
EPI_ISL_417603,2020-03-17,Iceland,Reykjavik
EPI_ISL_425325,2020-03-29,England,
EPI_ISL_421457,2020-03-18,Portugal,
EPI_ISL_422747,2020-03-24,Netherlands,
EPI_ISL_422432,2020-03-31,Singapore,
EPI_ISL_425772,2020-03-13,Scotland,
EPI_ISL_417632,2020-03-18,Iceland,Reykjavik
EPI_ISL_418661,2020-03-22,Belgium,Liège
EPI_ISL_425203,2020-03-20,Spain,Comunitat Valenciana
EPI_ISL_419959,2020-03-22,Australia,Victoria
EPI_ISL_425280,2020-XX-XX,England,
EPI_ISL_420538,2020-03-14,Australia,Western Australia
EPI_ISL_424534,2020-03-XX,Iceland,Reykjavik
EPI_ISL_416633,2020-02-17,Japan,unknown
EPI_ISL_415486,2020-03-13,Netherlands,
EPI_ISL_425692,2020-03-12,Scotland,
EPI_ISL_420053,2020-03-19,France,Hauts de France
EPI_ISL_418385,2020-03-13,Finland,
EPI_ISL_420208,2020-03-28,England,South Yorkshire
EPI_ISL_420443,2020-03-04,Belgium,Hasselt
EPI_ISL_417975,2020-03-09,Spain,Madrid
EPI_ISL_418833,2020-03-11,Canada,British Columbia
EPI_ISL_425361,2020-03-19,England,
EPI_ISL_422636,2020-03-08,Czech Republic,Prague
EPI_ISL_407976,2020-02-03,Belgium,Leuven
EPI_ISL_418646,2020-03-21,Belgium,Liège
EPI_ISL_417996,2020-03-08,Portugal,
EPI_ISL_417665,2020-03-14,Iceland,Reykjavik
EPI_ISL_422729,2020-03-23,Netherlands,
EPI_ISL_420166,2020-03-25,England,South Yorkshire
EPI_ISL_422901,2020-03-18,Netherlands,Zuid Holland
EPI_ISL_422759,2020-03-26,Netherlands,
EPI_ISL_422865,2020-03-02,Netherlands,Noord Brabant
EPI_ISL_419231,2020-02-19,Hong Kong,
EPI_ISL_413574,2020-02-29,Netherlands,Helmond
EPI_ISL_420550,2020-XX-XX,India,
EPI_ISL_417460,2020-03-11,Germany,Duesseldorf
EPI_ISL_420040,2020-03-12,France,Grand-Est
EPI_ISL_425713,2020-03-17,Scotland,
EPI_ISL_420615,2020-03-23,France,ARA
EPI_ISL_417006,2020-03-05,Belgium,Liège
EPI_ISL_420159,2020-03-29,England,South Yorkshire
EPI_ISL_422825,2020-03-03,Netherlands,
EPI_ISL_422647,2020-03-19,Netherlands,Limburg
EPI_ISL_421734,2020-03-17,Luxembourg,
EPI_ISL_418514,2020-01-25,China,Zhejiang
EPI_ISL_424644,2020-04-04,Belgium,Liège
EPI_ISL_425573,2020-03-23,England,
EPI_ISL_417337,2020-03-07,France,ARA
EPI_ISL_420191,2020-03-27,England,South Yorkshire
EPI_ISL_419938,2020-03-21,Australia,Victoria
EPI_ISL_404228,2020-01-17,China,Zhejiang
EPI_ISL_414532,2020-03-05,Netherlands,Noord Brabant
EPI_ISL_411926,2020-01-24,Taiwan,Taipei
EPI_ISL_416474,2020-01-28,China,Hangzhou
EPI_ISL_422854,2020-03-18,Netherlands,
EPI_ISL_424345,2020-03-12,Mexico,Mexico City
EPI_ISL_416622,2020-02-17,Japan,unknown
EPI_ISL_425773,2020-03-13,Scotland,
EPI_ISL_416369,2020-02-05,China,Shanghai
EPI_ISL_419869,2020-03-18,Australia,Victoria
EPI_ISL_416320,2020-01-28,China,Shanghai
EPI_ISL_413518,2020-01-26,China,Beijing
EPI_ISL_420353,2020-03-05,Belgium,Stekene
EPI_ISL_416389,2020-01-21,China,Shanghai
EPI_ISL_425976,2020-03-30,Scotland,
EPI_ISL_412983,2020-02-08,China,Hubei
EPI_ISL_422649,2020-03-18,Netherlands,
EPI_ISL_416994,2020-03-04,Spain,Castilla y León
EPI_ISL_417491,2020-03-03,Italy,Marche
EPI_ISL_421221,2020-03-15,China,Hangzhou
EPI_ISL_417185,2020-02-09,Hong Kong,
EPI_ISL_412979,2020-01-18,China,Hubei
EPI_ISL_416367,2020-02-01,China,Shanghai
EPI_ISL_417519,2020-03-05,Taiwan,Taoyuan
EPI_ISL_422416,2020-03-18,Taiwan,Taipei
EPI_ISL_422737,2020-03-25,Netherlands,
EPI_ISL_413852,2020-01-30,China,Guangdong
EPI_ISL_417534,2020-03-18,Luxembourg,
EPI_ISL_413595,2020-02-28,Australia,NSW
EPI_ISL_419546,2020-03-15,Germany,Duesseldorf
EPI_ISL_425483,2020-03-16,England,
EPI_ISL_420375,2020-03-24,Belgium,Tervuren
EPI_ISL_418220,2020-02-28,France,Hauts de France
EPI_ISL_420077,2020-03-20,Senegal,Dakar
EPI_ISL_425260,2020-03-29,England,
EPI_ISL_419810,2020-03-16,Australia,Victoria
EPI_ISL_417428,2020-03-02,Belgium,Rixensart
EPI_ISL_418801,2020-03-14,Australia,Queensland
EPI_ISL_420270,2020-03-22,England,South Yorkshire
EPI_ISL_413746,2020-02-XX,China,
EPI_ISL_425219,2020-03-17,Spain,Comunitat Valenciana
EPI_ISL_422753,2020-03-26,Netherlands,
EPI_ISL_416394,2020-02-14,China,Shanghai
EPI_ISL_416398,2020-02-02,China,Shanghai
EPI_ISL_419941,2020-03-21,Australia,Victoria
EPI_ISL_419217,2020-02-10,Hong Kong,
EPI_ISL_412871,2020-01-31,South Korea,Seoul
EPI_ISL_418396,2020-03-13,Finland,
EPI_ISL_425460,2020-03-31,England,
EPI_ISL_418405,2020-03-14,Finland,
EPI_ISL_417923,2020-03-04,Italy,Rome
EPI_ISL_420135,2020-02-28,Norway,
EPI_ISL_417527,2020-03-18,Luxembourg,
EPI_ISL_425650,2020-03-13,Scotland,
EPI_ISL_418652,2020-03-22,Belgium,Liège
EPI_ISL_422834,2020-03-10,Netherlands,
EPI_ISL_418993,2020-01-29,Singapore,
EPI_ISL_419760,2020-03-11,Australia,Victoria
EPI_ISL_420361,2020-03-17,Belgium,Villerot
EPI_ISL_425205,2020-03-20,Spain,Comunitat Valenciana
EPI_ISL_420110,2020-03-11,Singapore,
EPI_ISL_419901,2020-03-19,Australia,Victoria
EPI_ISL_416338,2020-02-01,China,Shanghai
EPI_ISL_425535,2020-03-21,England,
EPI_ISL_419963,2020-03-22,Australia,Victoria
EPI_ISL_425999,2020-03-29,Scotland,
EPI_ISL_420433,2020-03-24,Belgium,Fontaine-l Eveque
EPI_ISL_416494,2020-03-04,France,Normandie
EPI_ISL_420390,2020-03-24,Belgium,Mons
EPI_ISL_416032,2020-03-04,Brazil,Distrito Federal
EPI_ISL_415706,2020-03-06,Switzerland,
EPI_ISL_420014,2020-03-24,Australia,Victoria
EPI_ISL_425468,2020-03-12,England,
EPI_ISL_420236,2020-03-23,England,South Yorkshire
EPI_ISL_425062,2020-03-24,Belgium,Ghent
EPI_ISL_416031,2020-03-04,Brazil,Sao Paulo
EPI_ISL_419745,2020-03-10,Australia,Victoria
EPI_ISL_408480,2020-01-17,China,Yunnan
EPI_ISL_418624,2020-03-15,Belgium,Liège
EPI_ISL_419534,2020-03-11,Germany,Duesseldorf
EPI_ISL_420422,2020-03-25,Belgium,Tielt-Winge
EPI_ISL_419864,2020-03-18,Australia,Victoria
EPI_ISL_420179,2020-03-27,England,South Yorkshire
EPI_ISL_416507,2020-03-05,France,Bretagne
EPI_ISL_418515,2020-01-25,China,Hangzhou
EPI_ISL_418839,2020-03-10,Canada,British Columbia
EPI_ISL_420612,2020-03-23,France,ARA
EPI_ISL_419847,2020-03-17,Australia,Victoria
EPI_ISL_419545,2020-03-15,Germany,Duesseldorf
EPI_ISL_418257,2020-03-17,Italy,Abruzzo
EPI_ISL_417421,2020-03-01,Italy,Friuli Venezia Giulia
EPI_ISL_420153,2020-03-16,Norway,
EPI_ISL_418849,2020-03-13,Canada,British Columbia
EPI_ISL_412030,2020-02-01,Hong Kong,
EPI_ISL_416355,2020-02-04,China,Shanghai
EPI_ISL_420394,2020-03-25,Belgium,Sint-Pieter-Woluwe
EPI_ISL_426359,2020-03-17,Czech Republic,Central Czechia and Prague
EPI_ISL_425269,2020-03-31,England,
EPI_ISL_420117,2020-03-09,Spain,Comunitat Valenciana
EPI_ISL_422411,2020-03-14,Taiwan,Taipei
EPI_ISL_426000,2020-03-30,Scotland,
EPI_ISL_416409,2020-02-02,China,Shanghai
EPI_ISL_421500,2020-03-11,France,Hauts de France
EPI_ISL_419601,2020-03-15,Luxembourg,
EPI_ISL_425962,2020-03-27,Scotland,
EPI_ISL_418208,2020-03-04,Senegal,Dakar
EPI_ISL_418259,2020-03-14,Italy,Abruzzo
EPI_ISL_425679,2020-03-16,Scotland,
EPI_ISL_418663,2020-03-22,Belgium,Liège
EPI_ISL_418985,2020-03-09,Belgium,Ellezelles
EPI_ISL_414630,2020-03-03,France,Hauts de France
EPI_ISL_406538,2020-01-23,China,Guangdong
EPI_ISL_420402,2020-03-25,Belgium,Zolder
EPI_ISL_425703,2020-03-17,Scotland,
EPI_ISL_402121,2019-12-30,China,Hubei
EPI_ISL_416513,2020-03-07,France,Bretagne
EPI_ISL_420202,2020-03-29,England,South Yorkshire
EPI_ISL_421760,2020-03-17,Luxembourg,
EPI_ISL_425945,2020-03-26,Scotland,
EPI_ISL_425885,2020-03-21,Scotland,
EPI_ISL_422434,2020-03-31,Singapore,
EPI_ISL_420169,2020-03-25,England,South Yorkshire
EPI_ISL_425519,2020-03-20,England,
EPI_ISL_420049,2020-03-19,France,Hauts de France
EPI_ISL_425998,2020-03-30,Scotland,
EPI_ISL_418416,2020-03-16,France,ARA
EPI_ISL_421507,2020-03-23,France,Ile de France
EPI_ISL_418992,2020-02-10,Singapore,
EPI_ISL_413489,2020-03-03,Italy,Lombardy
EPI_ISL_416574,2020-02-15,Japan,unknown
EPI_ISL_418860,2020-03-15,Spain,Barcelona
EPI_ISL_422429,2020-02-16,Singapore,
EPI_ISL_417524,2020-03-14,Taiwan,Taoyuan
EPI_ISL_419562,2020-02-29,Luxembourg,
EPI_ISL_416326,2020-01-30,China,Shanghai
EPI_ISL_419683,2020-03-08,Spain,Comunitat Valenciana
EPI_ISL_418012,2020-03-06,Portugal,
EPI_ISL_416349,2020-01-30,China,Shanghai
EPI_ISL_416593,2020-02-16,Japan,unknown
EPI_ISL_425916,2020-03-23,Scotland,
EPI_ISL_418512,2020-01-25,China,Zhejiang
EPI_ISL_420847,2020-03-26,Democratic Republic of the Congo,
EPI_ISL_425973,2020-03-28,Scotland,
EPI_ISL_425716,2020-03-17,Scotland,
EPI_ISL_420624,2020-03-24,France,ARA
EPI_ISL_425189,2020-03-16,Spain,Comunitat Valenciana
EPI_ISL_425128,2020-03-20,Germany,Duesseldorf
EPI_ISL_420177,2020-03-15,England,South Yorkshire
EPI_ISL_416596,2020-02-16,Japan,unknown
EPI_ISL_425197,2020-03-17,Spain,Comunitat Valenciana
EPI_ISL_418369,2020-03-10,Canada,Ontario
EPI_ISL_419672,2020-03-19,Austria,
EPI_ISL_421230,2020-01-21,China,Hangzhou
EPI_ISL_417522,2020-03-13,Taiwan,Taoyuan
EPI_ISL_418294,2020-03-18,England,South Yorkshire
EPI_ISL_414521,2020-03-02,Germany,Munich
EPI_ISL_420267,2020-03-23,England,South Yorkshire
EPI_ISL_420331,2020-03-05,Belgium,Bree
EPI_ISL_420109,2020-03-11,Singapore,
EPI_ISL_410984,2020-01-29,France,Ile-de-France
EPI_ISL_419599,2020-03-16,Luxembourg,
EPI_ISL_413519,2020-01-28,China,Beijing
EPI_ISL_426003,2020-03-30,Scotland,
EPI_ISL_420314,2020-03-04,Belgium,Brussel
EPI_ISL_421450,2020-03-18,Portugal,
EPI_ISL_420334,2020-03-05,Belgium,Berloz
EPI_ISL_421495,2020-03-23,Portugal,
EPI_ISL_420193,2020-03-28,England,South Yorkshire
EPI_ISL_425658,2020-03-15,Scotland,
EPI_ISL_421484,2020-03-19,Portugal,
EPI_ISL_425805,2020-03-06,Scotland,
EPI_ISL_425843,2020-03-12,Scotland,
EPI_ISL_418984,2020-03-09,Belgium,Kaulile
EPI_ISL_411953,2020-01-24,China,Jiangsu
EPI_ISL_416758,2020-03-08,France,ARA
EPI_ISL_420277,2020-03-21,England,South Yorkshire
EPI_ISL_420393,2020-03-24,Belgium,Bierbeek
EPI_ISL_425988,2020-03-30,Scotland,
EPI_ISL_424343,2020-03-23,Italy,Rome
EPI_ISL_410218,2020-02-05,Taiwan,Taipei
EPI_ISL_418258,2020-03-14,Italy,Abruzzo
EPI_ISL_419245,2020-02-22,Hong Kong,
EPI_ISL_425652,2020-03-13,Scotland,
EPI_ISL_425645,2020-03-18,England,
EPI_ISL_419563,2020-03-12,Luxembourg,
EPI_ISL_426414,2020-04-05,India,Gujarat
EPI_ISL_421194,2020-03-30,Belgium,Liège
EPI_ISL_416610,2020-02-17,Japan,unknown
EPI_ISL_418425,2020-03-17,France,ARA
EPI_ISL_425864,2020-03-20,Scotland,
EPI_ISL_420396,2020-03-23,Belgium,Colfontaine
EPI_ISL_418343,2020-03-10,Canada,Ontario
EPI_ISL_425991,2020-03-30,Scotland,
EPI_ISL_416498,2020-03-11,France,Ile de France
EPI_ISL_420147,2020-03-10,Norway,
EPI_ISL_424657,2020-04-05,Belgium,Liège
EPI_ISL_404227,2020-01-16,China,Zhejiang
EPI_ISL_417957,2020-03-12,Spain,Madrid
EPI_ISL_420618,2020-03-23,France,ARA
EPI_ISL_426164,2020-02-02,South Korea,
EPI_ISL_421243,2020-01-21,China,Jiangxi
EPI_ISL_418222,2020-03-04,France,Centre-Val de Loire
EPI_ISL_421490,2020-03-22,Portugal,
EPI_ISL_419254,2020-03-23,Italy,Rome
EPI_ISL_418806,2020-03-05,Belgium,Beersel
EPI_ISL_416334,2020-02-06,China,Shanghai
EPI_ISL_418854,2020-03-11,Canada,British Columbia
EPI_ISL_420052,2020-03-20,France,Ile de France
EPI_ISL_425676,2020-03-16,Scotland,
EPI_ISL_415707,2020-03-08,Switzerland,
EPI_ISL_418982,2020-03-09,Belgium,Oevel
EPI_ISL_417487,2020-03-01,Norway,Oslo
EPI_ISL_421740,2020-03-17,Luxembourg,
EPI_ISL_420348,2020-03-05,Belgium,Havre
EPI_ISL_425924,2020-03-24,Scotland,
EPI_ISL_414519,2020-02-24,Hong Kong,
EPI_ISL_425235,2020-03-30,England,
EPI_ISL_418990,2020-02-03,China,Hangzhou
EPI_ISL_418423,2020-03-17,France,ARA
EPI_ISL_419656,2020-02-26,Austria,
EPI_ISL_425244,2020-04-01,England,
EPI_ISL_416321,2020-01-28,China,Shanghai
EPI_ISL_414019,2020-02-27,Switzerland,Geneva
EPI_ISL_420439,2020-03-25,Belgium,Quaregnon
EPI_ISL_418406,2020-03-14,Finland,
EPI_ISL_416567,2020-02-15,Japan,unknown
EPI_ISL_419667,2020-03-13,Austria,
EPI_ISL_408486,2020-01-11,China,Jiangxi
EPI_ISL_420269,2020-03-23,England,South Yorkshire
EPI_ISL_424672,2020-03-11,Mexico,Puebla
EPI_ISL_426183,2020-02-23,South Korea,
EPI_ISL_418211,2020-03-11,Senegal,Touba
EPI_ISL_425268,2020-04-01,England,
EPI_ISL_408514,2020-01-01,China,Hubei
EPI_ISL_422409,2020-03-13,Taiwan,Taipei
EPI_ISL_421232,2020-01-21,China,Hangzhou
EPI_ISL_420385,2020-03-25,Belgium,Genappe
EPI_ISL_420434,2020-03-24,Belgium,Tertre
EPI_ISL_414687,2020-02-25,China,Guangdong
EPI_ISL_413693,2020-01-XX,China,
EPI_ISL_416620,2020-02-17,Japan,unknown
EPI_ISL_416381,2020-02-01,China,Shanghai
EPI_ISL_425290,2020-03-20,England,
EPI_ISL_416473,2020-01-26,China,Hangzhou
EPI_ISL_426005,2020-03-30,Scotland,
EPI_ISL_421182,2020-03-30,Belgium,Liège
EPI_ISL_425316,2020-03-22,England,
EPI_ISL_416350,2020-01-29,China,Shanghai
EPI_ISL_425698,2020-03-17,Scotland,
EPI_ISL_420355,2020-03-06,Belgium,Ronse
EPI_ISL_418659,2020-03-22,Belgium,Liège
EPI_ISL_416577,2020-02-15,Japan,unknown
EPI_ISL_425371,2020-03-19,England,
EPI_ISL_420248,2020-03-25,England,South Yorkshire
EPI_ISL_416368,2020-02-05,China,Shanghai
EPI_ISL_415156,2020-03-01,Belgium,Huldenberg
EPI_ISL_412969,2020-02-10,Japan,
EPI_ISL_425064,2020-03-25,Belgium,Ghent
EPI_ISL_420069,2020-03-17,Senegal,Dakar
EPI_ISL_425063,2020-03-24,Belgium,Ghent
EPI_ISL_413729,2020-02-XX,China,
EPI_ISL_416390,2020-01-31,China,Shanghai
EPI_ISL_414938,2020-01-24,China,Shandong
EPI_ISL_425827,2020-03-13,Scotland,
EPI_ISL_418006,2020-03-13,Portugal,
EPI_ISL_420129,2020-03-13,Spain,Comunitat Valenciana
EPI_ISL_408489,2020-01-31,Taiwan,Taipei
EPI_ISL_402132,2019-12-30,China,Hubei
EPI_ISL_416341,2020-02-01,China,Shanghai
EPI_ISL_418352,2020-03-11,Canada,Ontario
EPI_ISL_420059,2020-03-21,France,Ile de France
EPI_ISL_418245,2020-03-01,Spain,Castilla La Mancha
EPI_ISL_417461,2020-03-11,Germany,Duesseldorf
EPI_ISL_416402,2020-02-11,China,Shanghai
EPI_ISL_413809,2020-02-XX,China,
EPI_ISL_418348,2020-03-08,Canada,Ontario
EPI_ISL_414587,2020-03-03,Ireland,Limerick
EPI_ISL_419660,2020-03-13,Austria,
EPI_ISL_425708,2020-03-17,Scotland,
EPI_ISL_420032,2020-03-22,Democratic Republic of the Congo,Kinshasa
EPI_ISL_419533,2020-03-11,Germany,Duesseldorf
EPI_ISL_419386,2020-03-18,Portugal,Lisbon
EPI_ISL_417340,2020-03-07,France,ARA
EPI_ISL_424975,2020-03-18,Taiwan,Taoyuan
EPI_ISL_421226,2020-01-22,China,Hangzhou
EPI_ISL_421222,2020-03-14,China,Hangzhou
EPI_ISL_413750,2020-02-XX,China,
EPI_ISL_420145,2020-03-09,Norway,
EPI_ISL_418250,2020-XX-XX,Spain,Catalonia
EPI_ISL_425212,2020-03-11,Spain,Comunitat Valenciana
EPI_ISL_425809,2020-03-09,Scotland,
EPI_ISL_419216,2020-02-10,Hong Kong,
EPI_ISL_419233,2020-03-04,Spain,Canary Islands
EPI_ISL_416621,2020-02-17,Japan,unknown
EPI_ISL_416400,2020-02-02,China,Shanghai
EPI_ISL_419180,2020-03-22,France,ARA
EPI_ISL_414586,2020-03-03,Ireland,Limerick
EPI_ISL_413603,2020-03-03,Finland,Helsinki
EPI_ISL_421229,2020-01-21,China,Hangzhou
EPI_ISL_422418,2020-03-19,Taiwan,Taipei
EPI_ISL_419665,2020-03-10,Austria,
EPI_ISL_418344,2020-XX-XX,Canada,Ontario
EPI_ISL_420854,2020-03-25,Democratic Republic of the Congo,Kinshasa
EPI_ISL_418582,2020-03-10,Ireland,Louth
EPI_ISL_417486,2020-03-01,Norway,Oslo
EPI_ISL_426364,2020-03-12,Mexico,Mexico City
EPI_ISL_420607,2020-03-23,France,ARA
EPI_ISL_419535,2020-03-13,Germany,Duesseldorf
EPI_ISL_418814,2020-03-13,Canada,NS
EPI_ISL_418427,2020-03-17,France,ARA
EPI_ISL_413855,2020-02-07,China,Guangdong
EPI_ISL_425707,2020-03-17,Scotland,
EPI_ISL_424973,2020-03-17,Taiwan,Taoyuan
EPI_ISL_411952,2020-01-24,China,Jiangsu
EPI_ISL_420123,2020-03-09,Spain,Comunitat Valenciana
EPI_ISL_425954,2020-03-27,Scotland,
EPI_ISL_419666,2020-03-11,Austria,
EPI_ISL_420620,2020-03-23,France,ARA
EPI_ISL_420844,2020-03-XX,Democratic Republic of the Congo,Kinshasa
EPI_ISL_417457,2020-03-10,Germany,Duesseldorf
EPI_ISL_416591,2020-02-16,Japan,unknown
EPI_ISL_413514,2020-02-27,South Korea,
EPI_ISL_420313,2020-03-10,Norway,
EPI_ISL_416387,2020-02-01,China,Shanghai
EPI_ISL_425184,2020-03-10,Spain,Comunitat Valenciana
EPI_ISL_420131,2020-03-18,Spain,Comunitat Valenciana
EPI_ISL_418356,2020-03-12,Canada,Ontario
EPI_ISL_425807,2020-03-03,Scotland,
EPI_ISL_418021,2020-03-16,Portugal,
EPI_ISL_425949,2020-03-26,Scotland,
EPI_ISL_425221,2020-03-17,Spain,Comunitat Valenciana
EPI_ISL_419240,2020-03-03,Spain,Basque Country
EPI_ISL_414509,2020-02-28,Germany,North Rhine Westphalia
EPI_ISL_425675,2020-03-16,Scotland,
EPI_ISL_416590,2020-02-16,Japan,unknown
EPI_ISL_420078,2020-03-20,Senegal,Thies
EPI_ISL_418838,2020-03-12,Canada,British Columbia
EPI_ISL_411929,2020-01-XX,South Korea,
EPI_ISL_425744,2020-03-19,Scotland,
EPI_ISL_417462,2020-03-11,Germany,Duesseldorf
EPI_ISL_420119,2020-03-09,Spain,Comunitat Valenciana
EPI_ISL_418345,2020-02-29,Canada,Ontario
EPI_ISL_418357,2020-03-12,Canada,Ontario
EPI_ISL_417942,2020-03-18,Democratic Republic of the Congo,Kinshasa
EPI_ISL_416342,2020-02-04,China,Shanghai
EPI_ISL_421761,2020-03-17,Luxembourg,
EPI_ISL_421485,2020-03-22,Portugal,
EPI_ISL_425735,2020-03-19,Scotland,
EPI_ISL_421503,2020-03-12,France,Ile de France
EPI_ISL_410720,2020-01-23,France,Ile-de-France
EPI_ISL_417948,2020-03-19,Democratic Republic of the Congo,Kinshasa
EPI_ISL_425845,2020-03-09,Scotland,
EPI_ISL_420042,2020-03-17,France,Ile de France
EPI_ISL_407079,2020-01-29,Finland,Lapland
EPI_ISL_416605,2020-02-16,Japan,unknown
EPI_ISL_422431,2020-03-31,Singapore,
EPI_ISL_418816,2020-03-11,Canada,British Columbia
EPI_ISL_425933,2020-03-25,Scotland,
EPI_ISL_425677,2020-03-16,Scotland,
EPI_ISL_418428,2020-03-17,France,ARA
EPI_ISL_410536,2020-02-06,Singapore,
EPI_ISL_425876,2020-03-21,Scotland,
EPI_ISL_414643,2020-03-07,Finland,
EPI_ISL_416484,2020-02-27,Spain,Comunitat Valenciana
EPI_ISL_416586,2020-02-16,Japan,unknown
EPI_ISL_421494,2020-03-20,Portugal,
EPI_ISL_419311,2020-03-13,Japan,Chiba
EPI_ISL_420122,2020-03-09,Spain,Comunitat Valenciana
EPI_ISL_417956,2020-03-11,Spain,Madrid
EPI_ISL_425705,2020-03-17,Scotland,
EPI_ISL_416582,2020-02-15,Japan,unknown
EPI_ISL_418845,2020-03-11,Canada,British Columbia
EPI_ISL_420121,2020-03-09,Spain,Comunitat Valenciana
EPI_ISL_419232,2020-02-19,Hong Kong,
EPI_ISL_419175,2020-03-21,France,ARA
EPI_ISL_421452,2020-03-18,Portugal,
EPI_ISL_421499,2020-03-24,Portugal,
EPI_ISL_419235,2020-03-07,Spain,Madrid
EPI_ISL_425678,2020-03-16,Scotland,
EPI_ISL_419537,2020-03-14,Germany,Duesseldorf
EPI_ISL_417999,2020-03-07,Portugal,
EPI_ISL_421743,2020-03-17,Luxembourg,
EPI_ISL_422414,2020-03-16,Taiwan,Taipei
EPI_ISL_418395,2020-03-13,Finland,
EPI_ISL_416609,2020-02-17,Japan,unknown
EPI_ISL_417010,2020-03-04,Spain,Madrid
EPI_ISL_414014,2020-03-02,Brazil,Sao Paulo
EPI_ISL_417972,2020-03-09,Spain,Madrid
EPI_ISL_425720,2020-03-12,Scotland,
EPI_ISL_418324,2020-03-11,Canada,Ontario
EPI_ISL_425124,2020-03-17,Germany,Duesseldorf
EPI_ISL_424365,2020-03-17,India,
EPI_ISL_418994,2020-01-29,Singapore,
EPI_ISL_416033,2020-03-03,Brazil,Sao Paulo
EPI_ISL_425803,2020-03-04,Scotland,
EPI_ISL_421476,2020-03-21,Portugal,
EPI_ISL_415643,2020-03-10,Georgia,Tbilisi
EPI_ISL_420137,2020-03-08,Norway,
EPI_ISL_417521,2020-03-10,Taiwan,Taoyuan
EPI_ISL_417963,2020-03-12,Spain,Madrid
EPI_ISL_416486,2020-03-02,Spain,Comunitat Valenciana
EPI_ISL_425130,2020-03-21,Germany,Duesseldorf
EPI_ISL_421512,2020-03-23,France,Ile de France
EPI_ISL_416587,2020-02-16,Japan,unknown
EPI_ISL_417485,2020-03-02,Norway,Oslo
EPI_ISL_419677,2020-03-09,Spain,Comunitat Valenciana
EPI_ISL_420851,2020-03-25,Democratic Republic of the Congo,Kinshasa
EPI_ISL_419247,2020-02-24,Hong Kong,
EPI_ISL_425228,2020-03-22,Czech Republic,Prague
EPI_ISL_418815,2020-02-09,Hong Kong,
EPI_ISL_416509,2020-03-06,France,Bretagne
EPI_ISL_421468,2020-03-21,Portugal,
EPI_ISL_419586,2020-03-14,Luxembourg,
EPI_ISL_419664,2020-03-23,Austria,
EPI_ISL_414021,2020-02-27,Switzerland,Basel
EPI_ISL_418329,2020-03-12,Canada,Ontario
EPI_ISL_421474,2020-03-21,Portugal,
EPI_ISL_421753,2020-03-17,Luxembourg,
EPI_ISL_420102,2020-03-05,Singapore,
EPI_ISL_418024,2020-03-17,Portugal,
EPI_ISL_413018,2020-02-06,South Korea,
EPI_ISL_426361,2020-03-12,Mexico,Mexico City
EPI_ISL_408665,2020-01-29,Japan,Tokyo
EPI_ISL_416501,2020-03-10,France,Ile de France
EPI_ISL_416477,2020-03-08,Georgia,Tbilisi
EPI_ISL_415698,2020-02-27,Switzerland,
EPI_ISL_416578,2020-02-15,Japan,unknown
EPI_ISL_421179,2020-03-27,Spain,Madrid
EPI_ISL_410531,2020-01-25,Japan,Nara
EPI_ISL_417339,2020-03-08,France,ARA
EPI_ISL_411915,2020-01-25,Taiwan,Taoyuan
EPI_ISL_418431,2020-03-18,France,ARA
EPI_ISL_419600,2020-03-13,Luxembourg,
EPI_ISL_418232,2020-03-15,France,Ile de France
EPI_ISL_419226,2020-02-13,Hong Kong,
EPI_ISL_419250,2020-02-26,Hong Kong,
EPI_ISL_417520,2020-03-09,Taiwan,Taoyuan
EPI_ISL_419178,2020-03-22,France,ARA
EPI_ISL_418017,2020-03-16,Portugal,
EPI_ISL_420116,2020-03-09,Spain,Comunitat Valenciana
EPI_ISL_418234,2020-03-14,France,Ile de France
EPI_ISL_417419,2020-03-01,Italy,Friuli Venezia Giulia
EPI_ISL_418228,2020-03-12,France,Hauts de France
EPI_ISL_421467,2020-03-20,Portugal,
EPI_ISL_416608,2020-02-17,Japan,unknown
EPI_ISL_425216,2020-03-16,Spain,Comunitat Valenciana
EPI_ISL_418420,2020-03-17,France,ARA
EPI_ISL_421178,2020-03-27,Spain,Madrid
EPI_ISL_421738,2020-03-17,Luxembourg,
EPI_ISL_413459,2020-02-20,Japan,Tokyo
EPI_ISL_416619,2020-02-17,Japan,unknown
EPI_ISL_418255,2020-03-14,Italy,Abruzzo
EPI_ISL_420045,2020-03-17,France,Grand-Est
EPI_ISL_413648,2020-03-01,Portugal,
EPI_ISL_418856,2020-03-13,Canada,British Columbia
EPI_ISL_420852,2020-03-26,Democratic Republic of the Congo,Kinshasa
EPI_ISL_414623,2020-02-25,France,Grand-Est
EPI_ISL_419674,2020-03-24,Austria,
EPI_ISL_419550,2020-03-16,Germany,Duesseldorf
EPI_ISL_418852,2020-03-07,Canada,British Columbia
EPI_ISL_419296,2020-03-08,Japan,Kochi
EPI_ISL_414505,2020-02-27,Germany,North Rhine Westphalia
EPI_ISL_426168,2020-02-02,South Korea,
EPI_ISL_418413,2020-03-15,France,ARA
EPI_ISL_418207,2020-03-02,Senegal,Dakar
EPI_ISL_421473,2020-03-21,Portugal,
EPI_ISL_418418,2020-03-16,France,ARA
EPI_ISL_416579,2020-02-15,Japan,unknown
EPI_ISL_422413,2020-03-16,Taiwan,Taipei
EPI_ISL_425214,2020-03-11,Spain,Comunitat Valenciana
EPI_ISL_418373,2020-03-14,Canada,Ontario
EPI_ISL_421670,2020-03-12,India,
EPI_ISL_413604,2020-03-03,Finland,Helsinki
EPI_ISL_414624,2020-02-26,France,Normandie
EPI_ISL_419607,2020-03-14,Luxembourg,
EPI_ISL_413017,2020-02-06,South Korea,
EPI_ISL_416499,2020-03-11,France,Ile de France
EPI_ISL_415742,2020-02-27,Taiwan,Taoyuan
EPI_ISL_420136,2020-03-04,Norway,
EPI_ISL_416512,2020-03-07,France,Bretagne
EPI_ISL_418239,2020-03-16,France,Hauts de France
EPI_ISL_416495,2020-03-10,France,Hauts de France
EPI_ISL_416629,2020-02-17,Japan,unknown
EPI_ISL_418393,2020-03-13,Finland,
EPI_ISL_415644,2020-02-28,Georgia,Tbilisi
EPI_ISL_408667,2020-01-31,Japan,Tokyo
EPI_ISL_418022,2020-03-15,Portugal,
EPI_ISL_421492,2020-03-22,Portugal,
EPI_ISL_413515,2020-02-27,South Korea,
EPI_ISL_418011,2020-03-04,Portugal,
EPI_ISL_418355,2020-03-08,Canada,Ontario
EPI_ISL_414569,2020-02-12,Hong Kong,
EPI_ISL_421762,2020-03-17,Luxembourg,
EPI_ISL_416479,2020-03-05,Georgia,Tbilisi
EPI_ISL_420544,2020-XX-XX,India,
EPI_ISL_416631,2020-02-17,Japan,unknown
EPI_ISL_416632,2020-02-17,Japan,unknown
EPI_ISL_425179,2020-03-10,Spain,Comunitat Valenciana
EPI_ISL_420132,2020-03-18,Spain,Comunitat Valenciana
EPI_ISL_417178,2020-01-25,Hong Kong,
EPI_ISL_421756,2020-03-17,Luxembourg,
EPI_ISL_425180,2020-03-10,Spain,Comunitat Valenciana
EPI_ISL_418330,2020-03-05,Canada,Ontario
EPI_ISL_413024,2020-02-29,Switzerland,Zurich
EPI_ISL_417955,2020-03-21,Democratic Republic of the Congo,Kinshasa
EPI_ISL_425229,2020-03-19,Czech Republic,Prague
EPI_ISL_424361,2020-03-10,India,
EPI_ISL_424363,2020-03-12,India,
EPI_ISL_418336,2020-03-12,Canada,Ontario
EPI_ISL_416570,2020-02-15,Japan,unknown
EPI_ISL_415699,2020-02-27,Switzerland,
EPI_ISL_417531,2020-03-18,Luxembourg,
EPI_ISL_417941,2020-03-18,Democratic Republic of the Congo,Kinshasa
EPI_ISL_425139,2020-03-19,Germany,Duesseldorf
EPI_ISL_419309,2020-03-12,Japan,Chiba
EPI_ISL_416485,2020-02-27,Spain,Comunitat Valenciana
EPI_ISL_417992,2020-03-07,Portugal,
EPI_ISL_418403,2020-03-14,Finland,
EPI_ISL_417523,2020-03-13,Taiwan,Taoyuan
EPI_ISL_420073,2020-03-19,Senegal,Dakar
EPI_ISL_412973,2020-02-20,Italy,Lombardy
EPI_ISL_420085,2020-03-20,Taiwan,
EPI_ISL_418340,2020-03-09,Canada,Ontario
EPI_ISL_418243,2020-02-28,Spain,Andalusia
EPI_ISL_415641,2020-02-27,Georgia,Tbilisi
EPI_ISL_426169,2020-02-05,South Korea,
EPI_ISL_419680,2020-03-10,Spain,Comunitat Valenciana
EPI_ISL_419224,2020-02-13,Hong Kong,
EPI_ISL_418023,2020-03-17,Portugal,
EPI_ISL_420082,2020-03-19,Taiwan,
EPI_ISL_416603,2020-02-16,Japan,unknown
EPI_ISL_421481,2020-03-21,Portugal,
EPI_ISL_418367,2020-03-12,Canada,Ontario
EPI_ISL_420139,2020-03-05,Norway,
EPI_ISL_410719,2020-02-02,Singapore,
EPI_ISL_422407,2020-03-04,Taiwan,Taipei
EPI_ISL_422415,2020-03-17,Taiwan,Taipei
EPI_ISL_420903,2020-03-14,Germany,Munich
EPI_ISL_418401,2020-03-14,Finland,
EPI_ISL_417197,2020-02-09,Hong Kong,
EPI_ISL_424342,2020-03-07,Italy,Rome
EPI_ISL_418387,2020-03-13,Finland,
EPI_ISL_415705,2020-03-06,Switzerland,
EPI_ISL_410532,2020-01-23,Japan,Osaka
EPI_ISL_420566,2020-03-19,Italy,Abruzzo
EPI_ISL_418581,2020-03-08,Ireland,Dublin
EPI_ISL_418584,2020-03-10,Ireland,Wicklow
EPI_ISL_425121,2020-03-16,Germany,Duesseldorf
EPI_ISL_421672,2020-03-12,India,
EPI_ISL_416594,2020-02-16,Japan,unknown
EPI_ISL_416583,2020-02-15,Japan,unknown
EPI_ISL_424970,2020-03-17,Taiwan,Taoyuan
EPI_ISL_421471,2020-03-21,Portugal,
EPI_ISL_420101,2020-03-04,Singapore,
EPI_ISL_420105,2020-03-06,Singapore,
EPI_ISL_424362,2020-03-10,India,
EPI_ISL_418008,2020-03-13,Portugal,
EPI_ISL_419306,2020-03-20,Japan,Saitama
EPI_ISL_421735,2020-03-17,Luxembourg,
EPI_ISL_421479,2020-03-21,Portugal,
EPI_ISL_420890,2020-03-09,Japan,
EPI_ISL_421482,2020-03-18,Portugal,
EPI_ISL_419536,2020-03-14,Germany,Duesseldorf
EPI_ISL_416625,2020-02-17,Japan,unknown
EPI_ISL_417463,2020-03-13,Germany,Duesseldorf
EPI_ISL_419304,2020-03-17,Japan,Saitama
EPI_ISL_418371,2020-03-07,Canada,Ontario
EPI_ISL_419661,2020-03-10,Austria,
EPI_ISL_418339,2020-03-09,Canada,Ontario
EPI_ISL_420104,2020-03-05,Singapore,
EPI_ISL_420548,2020-XX-XX,India,
EPI_ISL_417533,2020-03-18,Luxembourg,
EPI_ISL_418825,2020-03-10,Canada,British Columbia
EPI_ISL_418826,2020-03-10,Canada,British Columbia
EPI_ISL_418248,2020-03-01,Spain,Castilla y Leon
EPI_ISL_415583,2020-03-03,Canada,British Columbia
EPI_ISL_420912,2020-03-21,Germany,Munich
EPI_ISL_418830,2020-03-09,Canada,British Columbia
EPI_ISL_421175,2020-03-29,Spain,Madrid
EPI_ISL_419552,2020-03-16,Germany,Duesseldorf
EPI_ISL_419387,2020-03-18,Portugal,Lisbon
EPI_ISL_417423,2020-03-01,Italy,Friuli Venezia Giulia
EPI_ISL_417946,2020-03-18,Democratic Republic of the Congo,Kinshasa
EPI_ISL_421750,2020-03-17,Luxembourg,
EPI_ISL_414571,2020-02-22,Hong Kong,
EPI_ISL_407193,2020-01-25,South Korea,Gyeonggi-do
EPI_ISL_418253,2020-03-02,Spain,Basque Country
EPI_ISL_419236,2020-03-07,Spain,Madrid
EPI_ISL_416524,2020-03-11,Japan,Saitama
EPI_ISL_419659,2020-03-10,Austria,
EPI_ISL_417922,2020-02-28,Italy,Rome
EPI_ISL_419595,2020-03-12,Luxembourg,
EPI_ISL_420103,2020-03-05,Singapore,
EPI_ISL_418360,2020-03-11,Canada,Ontario
EPI_ISL_414045,2020-03-04,Brazil,Rio de Janeiro
EPI_ISL_419593,2020-03-16,Luxembourg,
EPI_ISL_418810,2020-03-09,Canada,SK
EPI_ISL_419709,2020-03-04,Spain,BasqueCountry
EPI_ISL_421671,2020-03-12,India,
EPI_ISL_419662,2020-03-14,Austria,
EPI_ISL_416592,2020-02-16,Japan,unknown
EPI_ISL_416585,2020-02-16,Japan,unknown
EPI_ISL_421447,2020-03-18,Portugal,
EPI_ISL_419238,2020-03-05,Spain,Basque Country
EPI_ISL_412028,2020-01-22,Hong Kong,
EPI_ISL_416611,2020-02-17,Japan,unknown
EPI_ISL_418025,2020-03-17,Portugal,
EPI_ISL_418003,2020-03-10,Portugal,
EPI_ISL_415708,2020-03-07,Switzerland,
EPI_ISL_418382,2020-XX-XX,Canada,Ontario
EPI_ISL_420146,2020-03-11,Norway,
EPI_ISL_416581,2020-02-15,Japan,unknown
EPI_ISL_424978,2020-03-18,Taiwan,Taoyuan
EPI_ISL_419707,2020-XX-XX,Spain,Catalonia
EPI_ISL_426357,2020-03-18,Czech Republic,Central Czechia and Prague
EPI_ISL_406973,2020-01-23,Singapore,
EPI_ISL_420112,2020-03-09,Spain,Comunitat Valenciana
EPI_ISL_418338,2020-03-12,Canada,Ontario
EPI_ISL_416615,2020-02-17,Japan,unknown
EPI_ISL_413020,2020-02-27,Switzerland,Zurich
EPI_ISL_414511,2020-01-XX,Japan,
EPI_ISL_417994,2020-03-08,Portugal,
EPI_ISL_418818,2020-03-06,Canada,British Columbia
EPI_ISL_415743,2020-02-27,Taiwan,Taoyuan
EPI_ISL_417488,2020-02-29,Norway,Oslo
EPI_ISL_418823,2020-03-09,Canada,British Columbia
EPI_ISL_426365,2020-03-12,Mexico,Mexico City
EPI_ISL_418841,2020-03-11,Canada,British Columbia
EPI_ISL_425220,2020-03-17,Spain,Comunitat Valenciana
EPI_ISL_418322,2020-03-08,Canada,Ontario
EPI_ISL_418819,2020-03-09,Canada,British Columbia
EPI_ISL_424670,2020-03-10,Mexico,Queretaro
EPI_ISL_425199,2020-03-19,Spain,Comunitat Valenciana
EPI_ISL_417987,2020-03-03,Portugal,
EPI_ISL_418846,2020-03-12,Canada,British Columbia
EPI_ISL_419588,2020-03-16,Luxembourg,
EPI_ISL_410714,2020-02-03,Singapore,
EPI_ISL_414497,2020-02-25,Germany,North Rhine Westphalia
EPI_ISL_420143,2020-03-10,Norway,
EPI_ISL_418247,2020-02-26,Spain,Castilla y Leon
EPI_ISL_421667,2020-03-10,India,
EPI_ISL_415459,2020-02-29,Switzerland,Genève
EPI_ISL_421454,2020-03-18,Portugal,
EPI_ISL_417467,2020-03-15,Germany,Duesseldorf
EPI_ISL_421746,2020-03-17,Luxembourg,
EPI_ISL_420035,2020-03-22,Democratic Republic of the Congo,Kinshasa
EPI_ISL_425117,2020-02-23,South Korea,
EPI_ISL_418847,2020-03-12,Canada,British Columbia
EPI_ISL_425185,2020-03-10,Spain,Comunitat Valenciana
EPI_ISL_413513,2020-02-27,South Korea,
EPI_ISL_422417,2020-03-18,Taiwan,Taipei
EPI_ISL_419602,2020-03-12,Luxembourg,
EPI_ISL_416630,2020-02-17,Japan,unknown
EPI_ISL_425183,2020-03-10,Spain,Comunitat Valenciana
EPI_ISL_418832,2020-03-11,Canada,British Columbia
EPI_ISL_419255,2020-03-23,Italy,Rome
EPI_ISL_422408,2020-03-13,Taiwan,Taipei
EPI_ISL_416035,2020-03-05,Brazil,Sao Paulo
EPI_ISL_425182,2020-03-10,Spain,Comunitat Valenciana
EPI_ISL_425196,2020-03-17,Spain,Comunitat Valenciana
EPI_ISL_410535,2020-02-03,Singapore,
EPI_ISL_416314,2020-02-07,Hong Kong,
EPI_ISL_417193,2020-02-09,Hong Kong,
EPI_ISL_426360,2020-03-18,Czech Republic,Central Czechia and Prague
EPI_ISL_408669,2020-01-29,Japan,Kyoto
EPI_ISL_418368,2020-03-12,Canada,Ontario
EPI_ISL_415701,2020-03-02,Switzerland,
EPI_ISL_421757,2020-03-17,Luxembourg,
EPI_ISL_416034,2020-03-04,Brazil,Sao Paulo
EPI_ISL_415455,2020-02-28,Switzerland,
EPI_ISL_419673,2020-03-22,Austria,
EPI_ISL_426363,2020-03-12,Mexico,Mexico City
EPI_ISL_418361,2020-03-12,Canada,Ontario
EPI_ISL_416613,2020-02-17,Japan,unknown
EPI_ISL_416580,2020-02-15,Japan,unknown
EPI_ISL_421489,2020-03-20,Portugal,
EPI_ISL_421483,2020-03-18,Portugal,
EPI_ISL_418363,2020-03-11,Canada,Ontario
EPI_ISL_415457,2020-02-29,Switzerland,
EPI_ISL_420553,2020-03-03,India,
EPI_ISL_417465,2020-03-14,Germany,Duesseldorf
EPI_ISL_419598,2020-03-14,Luxembourg,
EPI_ISL_416576,2020-02-15,Japan,unknown
EPI_ISL_419670,2020-03-16,Austria,
EPI_ISL_426187,2020-02-12,South Korea,
EPI_ISL_420312,2020-03-18,Norway,
EPI_ISL_415456,2020-02-29,Switzerland,
EPI_ISL_417464,2020-03-14,Germany,Duesseldorf
EPI_ISL_420845,2020-03-26,Democratic Republic of the Congo,Kinshasa
EPI_ISL_421519,2020-03-21,Spain,Comunitat_Valenciana
EPI_ISL_422438,2020-03-25,Italy,Veneto
EPI_ISL_421666,2020-03-10,India,
EPI_ISL_417442,2020-03-18,Democratic Republic of the Congo,Kinshasa
EPI_ISL_416618,2020-02-17,Japan,unknown
EPI_ISL_418212,2020-03-11,Senegal,Touba
EPI_ISL_421498,2020-03-24,Portugal,
EPI_ISL_424972,2020-03-16,Taiwan,Taoyuan
EPI_ISL_418837,2020-03-10,Canada,British Columbia
EPI_ISL_417440,2020-03-17,Democratic Republic of the Congo,Kinshasa
EPI_ISL_425187,2020-03-16,Spain,Comunitat Valenciana
EPI_ISL_416617,2020-02-17,Japan,unknown
EPI_ISL_421742,2020-03-17,Luxembourg,
EPI_ISL_418811,2020-03-12,Canada,NB
EPI_ISL_416573,2020-02-15,Japan,unknown
EPI_ISL_418260,2020-03-16,Italy,Abruzzo
EPI_ISL_426362,2020-03-10,Mexico,Mexico City
EPI_ISL_416028,2020-03-03,Brazil,Sao Paulo
EPI_ISL_413023,2020-02-29,Switzerland,Zurich
EPI_ISL_417530,2020-03-18,Luxembourg,
EPI_ISL_421176,2020-03-27,Spain,Madrid
EPI_ISL_421665,2020-03-10,India,
EPI_ISL_417484,2020-02-26,Norway,Oslo
EPI_ISL_417181,2020-02-05,Hong Kong,
EPI_ISL_415128,2020-02-29,Brazil,Espirito Santo
EPI_ISL_425127,2020-03-19,Germany,Duesseldorf
EPI_ISL_416627,2020-02-17,Japan,unknown
EPI_ISL_416607,2020-02-17,Japan,unknown
EPI_ISL_422412,2020-03-14,Taiwan,Taipei
EPI_ISL_421472,2020-03-21,Portugal,
EPI_ISL_418210,2020-03-10,Senegal,Touba
EPI_ISL_417483,2020-02-27,Norway,Oslo
EPI_ISL_413516,2020-02-27,South Korea,
EPI_ISL_426358,2020-03-19,Czech Republic,Central Czechia and Prague
EPI_ISL_419530,2020-03-11,Germany,Duesseldorf
EPI_ISL_417989,2020-03-04,Portugal,
EPI_ISL_413996,2020-02-24,Switzerland,Tessin
EPI_ISL_418394,2020-03-13,Finland,
EPI_ISL_419596,2020-03-12,Luxembourg,
EPI_ISL_425122,2020-03-16,Germany,Duesseldorf
EPI_ISL_426163,2020-02-23,South Korea,
EPI_ISL_418335,2020-03-14,Canada,Ontario
EPI_ISL_425178,2020-02-28,Spain,Comunitat Valenciana
EPI_ISL_414022,2020-02-27,Switzerland,Geneva
EPI_ISL_413016,2020-02-28,Brazil,Sao Paulo
EPI_ISL_418821,2020-03-10,Canada,British Columbia
EPI_ISL_418580,2020-03-08,Ireland,Cork
EPI_ISL_426173,2020-02-07,South Korea,
EPI_ISL_413593,2020-02-29,Luxembourg,
EPI_ISL_414646,2020-03-04,Finland,
EPI_ISL_412869,2020-01-30,South Korea,Seoul
EPI_ISL_412912,2020-02-25,Germany,Baden-Wuerttemberg
EPI_ISL_419219,2020-02-10,Hong Kong,
EPI_ISL_418392,2020-03-13,Finland,
EPI_ISL_407987,2020-01-25,Singapore,
EPI_ISL_412872,2020-02-01,South Korea,Gyeonggi-do
EPI_ISL_421458,2020-03-19,Portugal,
EPI_ISL_416525,2020-03-11,Japan,Saitama
EPI_ISL_420846,2020-03-XX,Democratic Republic of the Congo,Kinshasa
EPI_ISL_419302,2020-03-12,Japan,Saitama
EPI_ISL_420115,2020-03-09,Spain,Comunitat Valenciana
EPI_ISL_419310,2020-03-13,Japan,Chiba
EPI_ISL_421455,2020-03-18,Portugal,
EPI_ISL_424969,2020-03-17,Taiwan,Taoyuan
EPI_ISL_417438,2020-03-17,Democratic Republic of the Congo,Kinshasa
EPI_ISL_418400,2020-03-13,Finland,
EPI_ISL_419676,2020-03-09,Spain,Comunitat Valenciana
EPI_ISL_413488,2020-02-28,Germany,North Rhine Westphalia
EPI_ISL_415642,2020-03-10,Georgia,Tbilisi
EPI_ISL_415584,2020-03-02,Canada,British Columbia
EPI_ISL_417981,2020-03-02,Spain,Madrid
EPI_ISL_425201,2020-03-19,Spain,Comunitat Valenciana
EPI_ISL_419538,2020-03-14,Germany,Duesseldorf
EPI_ISL_424667,2020-03-04,Mexico,Estado de Mexico
EPI_ISL_416612,2020-02-17,Japan,unknown
EPI_ISL_421180,2020-03-27,Spain,Madrid
EPI_ISL_414020,2020-02-27,Switzerland,Geneva
EPI_ISL_421466,2020-03-20,Portugal,
EPI_ISL_418347,2020-03-11,Canada,Ontario
EPI_ISL_418372,2020-03-12,Canada,Ontario
EPI_ISL_421491,2020-03-22,Portugal,
EPI_ISL_418365,2020-03-10,Canada,Ontario
EPI_ISL_420033,2020-03-22,Democratic Republic of the Congo,Kinshasa
EPI_ISL_420127,2020-03-12,Spain,Comunitat Valenciana
EPI_ISL_418404,2020-03-14,Finland,
EPI_ISL_412972,2020-02-27,Mexico,Mexico City
EPI_ISL_419597,2020-03-15,Luxembourg,
EPI_ISL_414023,2020-03-01,Switzerland,Vaud
EPI_ISL_424673,2020-03-12,Mexico,CDMX
EPI_ISL_416029,2020-03-04,Brazil,Sao Paulo
EPI_ISL_415741,2020-02-26,Taiwan,Taoyuan
EPI_ISL_419654,2020-03-03,Austria,
EPI_ISL_414528,2020-02-10,Hong Kong,
EPI_ISL_419584,2020-03-13,Luxembourg,
EPI_ISL_417447,2020-02-24,Italy,Lombardy
EPI_ISL_417995,2020-03-08,Portugal,
EPI_ISL_414517,2020-02-25,Hong Kong,
EPI_ISL_419307,2020-03-20,Japan,Saitama
EPI_ISL_421464,2020-03-17,Portugal,
EPI_ISL_419549,2020-03-15,Germany,Duesseldorf
EPI_ISL_421453,2020-03-18,Portugal,
EPI_ISL_410537,2020-02-09,Singapore,
EPI_ISL_420072,2020-03-18,Senegal,Mbour
EPI_ISL_418383,2020-XX-XX,Canada,Ontario
EPI_ISL_417529,2020-03-18,Luxembourg,
EPI_ISL_420543,2020-03-03,India,
EPI_ISL_418376,2020-03-12,Canada,Ontario
EPI_ISL_418848,2020-03-05,Canada,British Columbia
EPI_ISL_416480,2020-03-11,Georgia,Tbilisi
EPI_ISL_419580,2020-03-12,Luxembourg,
EPI_ISL_422435,2020-03-31,Singapore,
EPI_ISL_420144,2020-04-01,Georgia,Tbilisi
EPI_ISL_414016,2020-02-29,Brazil,Sao Paulo
EPI_ISL_421469,2020-03-21,Portugal,
EPI_ISL_418334,2020-03-07,Canada,Ontario
EPI_ISL_417944,2020-03-18,Democratic Republic of the Congo,Kinshasa
EPI_ISL_421475,2020-03-21,Portugal,
EPI_ISL_417986,2020-03-03,Portugal,
EPI_ISL_421174,2020-03-29,Spain,Madrid
EPI_ISL_419681,2020-03-10,Spain,Comunitat Valenciana
EPI_ISL_417176,2020-01-21,Hong Kong,
EPI_ISL_425213,2020-03-11,Spain,Comunitat Valenciana
EPI_ISL_419678,2020-03-09,Spain,Comunitat Valenciana
EPI_ISL_418410,2020-03-14,Finland,Helsinki
EPI_ISL_420546,2020-XX-XX,India,
EPI_ISL_418386,2020-03-13,Finland,
EPI_ISL_417990,2020-03-06,Portugal,
EPI_ISL_420565,2020-03-19,Italy,Abruzzo
EPI_ISL_418018,2020-03-16,Portugal,
EPI_ISL_422420,2020-03-19,Taiwan,Taipei
EPI_ISL_419566,2020-03-05,Luxembourg,
EPI_ISL_419308,2020-03-19,Japan,Saitama
EPI_ISL_418391,2020-03-13,Finland,
EPI_ISL_418813,2020-03-13,Canada,MB
EPI_ISL_418835,2020-03-11,Canada,British Columbia
EPI_ISL_418005,2020-03-12,Portugal,
EPI_ISL_417525,2020-03-14,Taiwan,Taoyuan
EPI_ISL_418351,2020-03-12,Canada,Ontario
EPI_ISL_418358,2020-03-12,Canada,Ontario
EPI_ISL_418820,2020-03-09,Canada,British Columbia
EPI_ISL_422419,2020-03-19,Taiwan,Taipei
EPI_ISL_419548,2020-03-15,Germany,Duesseldorf
EPI_ISL_418019,2020-03-15,Portugal,
EPI_ISL_420902,2020-03-13,Germany,Munich
EPI_ISL_421752,2020-03-17,Luxembourg,
EPI_ISL_408666,2020-01-31,Japan,Tokyo
EPI_ISL_416481,2020-03-16,Georgia,Tbilisi
EPI_ISL_406031,2020-01-23,Taiwan,Kaohsiung
EPI_ISL_420889,2020-02-14,Japan,
EPI_ISL_420569,2020-03-23,Italy,Abruzzo
EPI_ISL_419671,2020-03-19,Austria,
EPI_ISL_418402,2020-03-14,Finland,
EPI_ISL_421477,2020-03-21,Portugal,
EPI_ISL_414527,2020-02-09,Hong Kong,
EPI_ISL_406862,2020-01-28,Germany,Bavaria
EPI_ISL_420126,2020-03-12,Spain,Comunitat Valenciana
EPI_ISL_426179,2020-03-02,India,
EPI_ISL_418861,2020-03-24,Spain,Barcelona
EPI_ISL_418408,2020-03-14,Finland,Helsinki
EPI_ISL_419541,2020-03-14,Germany,Duesseldorf
EPI_ISL_425123,2020-03-17,Germany,Duesseldorf
EPI_ISL_420556,2020-XX-XX,India,
EPI_ISL_418399,2020-03-13,Finland,
EPI_ISL_414598,2020-03-05,Spain,Comunitat Valenciana
EPI_ISL_419569,2020-03-07,Luxembourg,
EPI_ISL_417418,2020-03-01,Italy,Friuli Venezia Giulia
EPI_ISL_419542,2020-03-15,Germany,Duesseldorf
EPI_ISL_425217,2020-03-17,Spain,Comunitat Valenciana
EPI_ISL_410716,2020-02-04,Singapore,
EPI_ISL_416742,2020-02-XX,Czech Republic,Prague
EPI_ISL_420838,2020-03-22,Democratic Republic of the Congo,Kinshasa
EPI_ISL_420108,2020-03-10,Singapore,
EPI_ISL_421172,2020-03-09,Spain,Madrid
EPI_ISL_418840,2020-03-12,Canada,British Columbia
EPI_ISL_426167,2020-02-23,South Korea,
EPI_ISL_419540,2020-03-16,Germany,Duesseldorf
EPI_ISL_425193,2020-03-17,Spain,Comunitat Valenciana
EPI_ISL_420549,2020-03-03,India,
EPI_ISL_421664,2020-03-10,India,
EPI_ISL_417950,2020-03-20,Democratic Republic of the Congo,Kinshasa
EPI_ISL_417991,2020-03-08,Portugal,
EPI_ISL_418829,2020-03-10,Canada,British Columbia
EPI_ISL_410713,2020-01-27,Singapore,
EPI_ISL_418362,2020-03-10,Canada,Ontario
EPI_ISL_417459,2020-03-11,Germany,Duesseldorf
EPI_ISL_420551,2020-03-03,India,
EPI_ISL_417921,2020-03-01,Italy,Rome
EPI_ISL_418256,2020-03-14,Italy,Abruzzo
EPI_ISL_418020,2020-03-16,Portugal,
EPI_ISL_424344,2020-03-04,Italy,Rome
EPI_ISL_418389,2020-03-13,Finland,
EPI_ISL_418381,2020-XX-XX,Canada,Ontario
EPI_ISL_418853,2020-03-11,Canada,British Columbia
EPI_ISL_425118,2020-01-30,South Korea,
EPI_ISL_418353,2020-03-09,Canada,Ontario
EPI_ISL_421515,2020-03-07,Spain,Comunitat_Valenciana
EPI_ISL_418004,2020-03-12,Portugal,
EPI_ISL_413523,2020-01-31,India,Kerala
EPI_ISL_420084,2020-03-21,Taiwan,
EPI_ISL_418331,2020-03-08,Canada,Ontario
EPI_ISL_418855,2020-03-11,Canada,British Columbia
EPI_ISL_415454,2020-02-28,Switzerland,
EPI_ISL_419543,2020-03-15,Germany,Duesseldorf
EPI_ISL_419305,2020-03-18,Japan,Saitama
EPI_ISL_419227,2020-02-15,Hong Kong,
EPI_ISL_420150,2020-03-09,Norway,
EPI_ISL_418209,2020-03-03,Senegal,Dakar
EPI_ISL_418836,2020-03-10,Canada,British Columbia
EPI_ISL_420554,2020-XX-XX,India,
EPI_ISL_420907,2020-03-16,Germany,Munich
EPI_ISL_418409,2020-03-14,Finland,Helsinki
EPI_ISL_420841,2020-03-22,Democratic Republic of the Congo,Sud Kivu
EPI_ISL_420141,2020-03-10,Norway,
EPI_ISL_422421,2020-03-19,Taiwan,Taipei
EPI_ISL_426356,2020-03-21,Czech Republic,Central Czechia and Prague
EPI_ISL_418328,2020-03-20,Canada,Ontario
EPI_ISL_424971,2020-03-17,Taiwan,Taoyuan
EPI_ISL_416598,2020-02-16,Japan,unknown
EPI_ISL_418374,2020-03-11,Canada,Ontario
EPI_ISL_419532,2020-03-11,Germany,Duesseldorf
EPI_ISL_415700,2020-02-28,Switzerland,
EPI_ISL_418375,2020-03-12,Canada,Ontario
EPI_ISL_414477,2020-03-01,Czech Republic,Usti nad Labem
EPI_ISL_412873,2020-02-06,South Korea,Chungcheongnam-do
EPI_ISL_422430,2020-03-13,Singapore,
EPI_ISL_420563,2020-03-18,Italy,Teramo
EPI_ISL_413014,2020-01-25,Canada,Ontario
EPI_ISL_419655,2020-02-26,Austria,Vienna
EPI_ISL_420899,2020-03-11,Germany,Munich
EPI_ISL_420552,2020-XX-XX,India,
EPI_ISL_419579,2020-03-14,Luxembourg,
EPI_ISL_420545,2020-03-03,India,
EPI_ISL_416478,2020-03-14,Georgia,Tbilisi
EPI_ISL_426181,2020-02-23,South Korea,
EPI_ISL_414487,2020-03-04,Ireland,Cork
EPI_ISL_413592,2020-03-02,Taiwan,Taipei
EPI_ISL_426182,2020-02-09,South Korea,
EPI_ISL_416601,2020-02-16,Japan,unknown
EPI_ISL_420849,2020-03-28,Democratic Republic of the Congo,Kinshasa
EPI_ISL_419539,2020-03-15,Germany,Duesseldorf
EPI_ISL_418388,2020-03-13,Finland,
EPI_ISL_422428,2020-02-06,Singapore,
EPI_ISL_422422,2020-03-19,Taiwan,Taipei
EPI_ISL_418009,2020-03-15,Portugal,
EPI_ISL_416589,2020-02-16,Japan,unknown
EPI_ISL_420906,2020-03-16,Germany,Munich
EPI_ISL_418015,2020-03-09,Portugal,
EPI_ISL_419215,2020-02-10,Hong Kong,
EPI_ISL_420070,2020-03-17,Senegal,Dakar
EPI_ISL_420142,2020-03-30,Georgia,Tbilisi
EPI_ISL_421480,2020-03-21,Portugal,
EPI_ISL_421747,2020-03-17,Luxembourg,
EPI_ISL_418002,2020-03-11,Portugal,
EPI_ISL_425125,2020-03-18,Germany,Duesseldorf
EPI_ISL_414015,2020-02-29,Brazil,Sao Paulo
EPI_ISL_421662,2020-03-10,India,
EPI_ISL_421449,2020-03-18,Portugal,
EPI_ISL_422437,2020-03-25,Italy,Veneto
EPI_ISL_418217,2020-03-13,Senegal,Mbour
EPI_ISL_419573,2020-03-11,Luxembourg,
EPI_ISL_415703,2020-03-01,Switzerland,
EPI_ISL_418397,2020-03-13,Finland,
EPI_ISL_419297,2020-03-10,Japan,Chiba
EPI_ISL_420568,2020-03-23,Italy,Abruzzo
EPI_ISL_419564,2020-03-15,Luxembourg,
EPI_ISL_419221,2020-02-11,Hong Kong,
EPI_ISL_414499,2020-02-26,Germany,North Rhine Westphalia
EPI_ISL_421488,2020-03-22,Portugal,
EPI_ISL_419583,2020-03-15,Luxembourg,
EPI_ISL_419582,2020-03-13,Luxembourg,
EPI_ISL_419591,2020-03-14,Luxembourg,
EPI_ISL_417458,2020-03-11,Germany,Duesseldorf
EPI_ISL_419589,2020-03-15,Luxembourg,
EPI_ISL_416614,2020-02-17,Japan,unknown
EPI_ISL_415702,2020-03-02,Switzerland,
EPI_ISL_417988,2020-03-05,Portugal,
EPI_ISL_419570,2020-03-12,Luxembourg,
EPI_ISL_416565,2020-02-15,Japan,unknown
EPI_ISL_420583,2020-03-23,Italy,Abruzzo
